actual_price,predicted_price,residual,absolute_error,pct_error,room_type,neighbourhood_cleansed,property_type_bucket
132.0,149.69,-17.69,17.69,13.4,private_room,Centrum-West,house
322.0,313.28,8.72,8.72,2.71,entire_home,Centrum-West,other
162.0,205.62,-43.62,43.62,26.93,entire_home,Centrum-West,apartment
335.0,442.75,-107.75,107.75,32.16,entire_home,De Pijp - Rivierenbuurt,house
68.0,84.16,-16.16,16.16,23.77,private_room,De Baarsjes - Oud-West,apartment
158.0,140.15,17.85,17.85,11.3,private_room,Centrum-Oost,apartment
275.0,354.14,-79.14,79.14,28.78,entire_home,De Baarsjes - Oud-West,apartment
104.0,132.77,-28.77,28.77,27.66,private_room,Oud-Oost,house
374.0,294.85,79.15,79.15,21.16,entire_home,Centrum-Oost,house
125.0,131.64,-6.64,6.64,5.31,private_room,Westerpark,unique
360.0,404.84,-44.84,44.84,12.46,entire_home,Centrum-Oost,apartment
178.0,179.67,-1.67,1.67,0.94,hotel_room,Centrum-West,hotel
166.0,180.17,-14.17,14.17,8.54,hotel_room,Centrum-West,hotel
115.0,95.94,19.06,19.06,16.58,private_room,De Pijp - Rivierenbuurt,apartment
90.0,105.35,-15.35,15.35,17.05,private_room,Centrum-West,apartment
123.0,151.95,-28.95,28.95,23.53,private_room,De Baarsjes - Oud-West,apartment
255.0,341.8,-86.8,86.8,34.04,entire_home,De Baarsjes - Oud-West,apartment
199.0,163.61,35.39,35.39,17.79,private_room,Centrum-Oost,unique
140.0,139.61,0.39,0.39,0.28,private_room,Centrum-Oost,house
172.0,208.08,-36.08,36.08,20.98,private_room,Centrum-Oost,hotel
235.0,196.74,38.26,38.26,16.28,private_room,Centrum-Oost,hotel
89.0,83.71,5.29,5.29,5.94,private_room,Buitenveldert - Zuidas,apartment
108.0,145.77,-37.77,37.77,34.97,entire_home,Westerpark,apartment
276.0,593.78,-317.78,317.78,115.14,entire_home,IJburg - Zeeburgereiland,house
355.0,356.08,-1.08,1.08,0.3,entire_home,De Pijp - Rivierenbuurt,apartment
250.0,270.08,-20.08,20.08,8.03,entire_home,Westerpark,apartment
255.0,237.39,17.61,17.61,6.91,entire_home,Centrum-West,apartment
808.0,773.69,34.31,34.31,4.25,entire_home,Centrum-West,apartment
76.0,93.37,-17.37,17.37,22.85,private_room,Zuid,apartment
591.0,377.24,213.76,213.76,36.17,entire_home,Westerpark,unique
293.0,278.12,14.88,14.88,5.08,entire_home,Oud-Noord,house
86.0,135.73,-49.73,49.73,57.83,private_room,De Pijp - Rivierenbuurt,house
338.0,279.35,58.65,58.65,17.35,entire_home,IJburg - Zeeburgereiland,house
68.0,94.73,-26.73,26.73,39.31,private_room,Noord-Oost,unique
248.0,227.95,20.05,20.05,8.09,entire_home,Centrum-Oost,apartment
264.0,212.74,51.26,51.26,19.42,entire_home,Oostelijk Havengebied - Indische Buurt,apartment
110.0,87.1,22.9,22.9,20.82,private_room,Bos en Lommer,apartment
220.0,178.52,41.48,41.48,18.85,entire_home,De Pijp - Rivierenbuurt,apartment
212.0,182.27,29.73,29.73,14.02,entire_home,De Pijp - Rivierenbuurt,apartment
162.0,124.0,38.0,38.0,23.45,entire_home,Zuid,apartment
174.0,229.57,-55.57,55.57,31.93,entire_home,Watergraafsmeer,house
79.0,93.49,-14.49,14.49,18.34,private_room,Zuid,apartment
139.0,147.42,-8.42,8.42,6.06,private_room,Centrum-West,house
127.0,134.04,-7.04,7.04,5.54,private_room,De Pijp - Rivierenbuurt,house
303.0,392.61,-89.61,89.61,29.57,entire_home,De Pijp - Rivierenbuurt,house
94.0,336.56,-242.56,242.56,258.04,private_room,Oud-Noord,house
553.0,332.09,220.91,220.91,39.95,entire_home,De Pijp - Rivierenbuurt,apartment
270.0,484.92,-214.92,214.92,79.6,entire_home,De Baarsjes - Oud-West,apartment
84.0,71.04,12.96,12.96,15.42,private_room,Bos en Lommer,apartment
125.0,215.63,-90.63,90.63,72.51,entire_home,Oud-Noord,house
113.0,95.04,17.96,17.96,15.89,private_room,Slotervaart,hotel
75.0,101.79,-26.79,26.79,35.71,private_room,Centrum-West,apartment
113.0,91.97,21.03,21.03,18.61,private_room,Slotervaart,hotel
225.0,260.35,-35.35,35.35,15.71,private_room,Slotervaart,hotel
162.0,173.34,-11.34,11.34,7.0,private_room,Centrum-West,apartment
540.0,816.74,-276.74,276.74,51.25,entire_home,Centrum-West,house
405.0,231.54,173.46,173.46,42.83,entire_home,Oud-Noord,house
245.0,230.28,14.72,14.72,6.01,entire_home,Zuid,apartment
929.0,598.3,330.7,330.7,35.6,entire_home,Centrum-Oost,apartment
123.0,124.09,-1.09,1.09,0.89,private_room,Centrum-West,hotel
198.0,262.3,-64.3,64.3,32.48,entire_home,Centrum-Oost,apartment
129.0,127.03,1.97,1.97,1.53,private_room,Centrum-West,house
175.0,260.4,-85.4,85.4,48.8,entire_home,Centrum-West,apartment
276.0,398.08,-122.08,122.08,44.23,entire_home,Zuid,apartment
124.0,154.49,-30.49,30.49,24.59,private_room,De Baarsjes - Oud-West,house
300.0,387.0,-87.0,87.0,29.0,entire_home,Watergraafsmeer,house
469.0,265.86,203.14,203.14,43.31,entire_home,Zuid,apartment
96.0,113.96,-17.96,17.96,18.7,private_room,De Baarsjes - Oud-West,hotel
104.0,90.39,13.61,13.61,13.08,private_room,De Baarsjes - Oud-West,hotel
375.0,267.23,107.77,107.77,28.74,entire_home,Centrum-Oost,unique
75.0,65.1,9.9,9.9,13.2,private_room,Bijlmer-Oost,apartment
147.0,78.51,68.49,68.49,46.59,private_room,De Baarsjes - Oud-West,hotel
101.0,89.63,11.37,11.37,11.26,private_room,De Baarsjes - Oud-West,hotel
96.0,86.86,9.14,9.14,9.52,private_room,De Baarsjes - Oud-West,hotel
104.0,107.25,-3.25,3.25,3.13,private_room,De Baarsjes - Oud-West,hotel
140.0,197.0,-57.0,57.0,40.71,entire_home,Oud-Oost,apartment
83.0,112.16,-29.16,29.16,35.13,entire_home,Noord-Oost,unique
182.0,186.35,-4.35,4.35,2.39,entire_home,Oud-Oost,apartment
475.0,456.88,18.12,18.12,3.81,entire_home,Centrum-West,house
220.0,212.07,7.93,7.93,3.61,entire_home,Centrum-Oost,apartment
204.0,211.49,-7.49,7.49,3.67,entire_home,De Baarsjes - Oud-West,house
212.0,209.88,2.12,2.12,1.0,entire_home,De Baarsjes - Oud-West,apartment
309.0,220.92,88.08,88.08,28.5,entire_home,Centrum-Oost,apartment
175.0,217.88,-42.88,42.88,24.51,entire_home,Oud-Noord,house
415.0,394.08,20.92,20.92,5.04,entire_home,Centrum-Oost,apartment
69.0,98.52,-29.52,29.52,42.79,private_room,Oud-Oost,house
104.0,79.21,24.79,24.79,23.84,private_room,IJburg - Zeeburgereiland,house
314.0,441.24,-127.24,127.24,40.52,entire_home,Centrum-West,apartment
156.0,160.15,-4.15,4.15,2.66,private_room,Centrum-West,hotel
211.0,160.37,50.63,50.63,24.0,entire_home,De Baarsjes - Oud-West,apartment
114.0,93.71,20.29,20.29,17.79,private_room,Watergraafsmeer,house
435.0,282.3,152.7,152.7,35.1,entire_home,Centrum-Oost,apartment
185.0,192.1,-7.1,7.1,3.84,private_room,Centrum-West,apartment
425.0,418.39,6.61,6.61,1.56,entire_home,Zuid,apartment
119.0,111.31,7.69,7.69,6.46,private_room,De Baarsjes - Oud-West,other
81.0,86.63,-5.63,5.63,6.95,private_room,Noord-West,apartment
262.0,404.29,-142.29,142.29,54.31,private_room,Oud-Noord,unique
90.0,114.53,-24.53,24.53,27.26,private_room,Oostelijk Havengebied - Indische Buurt,hotel
225.0,281.67,-56.67,56.67,25.19,entire_home,De Baarsjes - Oud-West,house
350.0,363.17,-13.17,13.17,3.76,entire_home,De Baarsjes - Oud-West,apartment
161.0,210.96,-49.96,49.96,31.03,entire_home,Centrum-Oost,apartment
270.0,245.74,24.26,24.26,8.98,entire_home,Zuid,apartment
155.0,313.11,-158.11,158.11,102.0,entire_home,De Pijp - Rivierenbuurt,apartment
270.0,210.22,59.78,59.78,22.14,entire_home,Noord-West,house
207.0,191.72,15.28,15.28,7.38,entire_home,Noord-Oost,house
200.0,182.23,17.77,17.77,8.89,entire_home,Westerpark,house
350.0,345.32,4.68,4.68,1.34,entire_home,De Baarsjes - Oud-West,apartment
650.0,337.01,312.99,312.99,48.15,entire_home,IJburg - Zeeburgereiland,house
91.0,92.39,-1.39,1.39,1.53,private_room,Noord-Oost,apartment
265.0,232.53,32.47,32.47,12.25,private_room,Centrum-Oost,house
107.0,107.55,-0.55,0.55,0.52,private_room,IJburg - Zeeburgereiland,house
225.0,357.89,-132.89,132.89,59.06,entire_home,De Pijp - Rivierenbuurt,apartment
204.0,165.12,38.88,38.88,19.06,entire_home,Bos en Lommer,apartment
81.0,118.55,-37.55,37.55,46.35,private_room,Centrum-Oost,house
375.0,269.17,105.83,105.83,28.22,entire_home,De Pijp - Rivierenbuurt,apartment
180.0,319.43,-139.43,139.43,77.46,entire_home,De Pijp - Rivierenbuurt,apartment
72.0,102.93,-30.93,30.93,42.96,private_room,Oud-Oost,apartment
212.0,209.88,2.12,2.12,1.0,entire_home,De Baarsjes - Oud-West,apartment
92.0,110.55,-18.55,18.55,20.17,private_room,De Pijp - Rivierenbuurt,apartment
457.0,407.61,49.39,49.39,10.81,entire_home,Zuid,apartment
191.0,216.3,-25.3,25.3,13.25,entire_home,Centrum-West,other
115.0,98.06,16.94,16.94,14.73,private_room,Noord-West,house
183.0,171.49,11.51,11.51,6.29,entire_home,De Baarsjes - Oud-West,apartment
87.0,116.21,-29.21,29.21,33.58,private_room,Noord-West,house
132.0,95.2,36.8,36.8,27.88,private_room,De Pijp - Rivierenbuurt,house
122.0,109.45,12.55,12.55,10.29,private_room,De Pijp - Rivierenbuurt,house
129.0,100.28,28.72,28.72,22.27,private_room,De Baarsjes - Oud-West,hotel
183.0,167.29,15.71,15.71,8.58,entire_home,Westerpark,apartment
200.0,150.96,49.04,49.04,24.52,entire_home,De Baarsjes - Oud-West,apartment
110.0,104.55,5.45,5.45,4.96,private_room,Zuid,other
393.0,318.53,74.47,74.47,18.95,entire_home,De Baarsjes - Oud-West,apartment
399.0,310.96,88.04,88.04,22.07,entire_home,Centrum-Oost,unique
82.0,107.77,-25.77,25.77,31.43,private_room,Noord-Oost,apartment
226.0,154.16,71.84,71.84,31.79,entire_home,Centrum-Oost,apartment
195.0,176.77,18.23,18.23,9.35,private_room,Centrum-West,hotel
131.0,161.05,-30.05,30.05,22.94,entire_home,Oud-Noord,house
225.0,256.79,-31.79,31.79,14.13,entire_home,Westerpark,apartment
436.0,371.69,64.31,64.31,14.75,entire_home,Centrum-Oost,apartment
218.0,289.62,-71.62,71.62,32.86,private_room,Centrum-West,house
130.0,200.02,-70.02,70.02,53.86,private_room,Centrum-Oost,apartment
675.0,366.95,308.05,308.05,45.64,entire_home,De Baarsjes - Oud-West,apartment
464.0,585.61,-121.61,121.61,26.21,entire_home,Zuid,house
241.0,295.73,-54.73,54.73,22.71,entire_home,Oud-Oost,apartment
128.0,194.61,-66.61,66.61,52.04,entire_home,Oud-Oost,apartment
269.0,225.2,43.8,43.8,16.28,private_room,Centrum-West,apartment
447.0,353.94,93.06,93.06,20.82,entire_home,Slotervaart,house
228.0,170.06,57.94,57.94,25.41,private_room,Oostelijk Havengebied - Indische Buurt,house
244.0,288.44,-44.44,44.44,18.21,entire_home,Bos en Lommer,apartment
280.0,217.72,62.28,62.28,22.24,entire_home,De Pijp - Rivierenbuurt,apartment
221.0,310.28,-89.28,89.28,40.4,entire_home,Centrum-West,apartment
190.0,261.19,-71.19,71.19,37.47,entire_home,Westerpark,apartment
162.0,268.7,-106.7,106.7,65.87,entire_home,IJburg - Zeeburgereiland,house
163.0,205.9,-42.9,42.9,26.32,private_room,Centrum-West,hotel
540.0,447.02,92.98,92.98,17.22,entire_home,Zuid,apartment
130.0,171.65,-41.65,41.65,32.04,private_room,Centrum-West,house
284.0,271.43,12.57,12.57,4.43,entire_home,Oud-Oost,apartment
332.0,253.42,78.58,78.58,23.67,entire_home,Bos en Lommer,apartment
142.0,151.84,-9.84,9.84,6.93,private_room,Centrum-West,hotel
189.0,167.82,21.18,21.18,11.21,private_room,Centrum-West,house
110.0,134.94,-24.94,24.94,22.67,private_room,Centrum-West,hotel
289.0,288.46,0.54,0.54,0.19,entire_home,Westerpark,house
263.0,337.84,-74.84,74.84,28.46,entire_home,Centrum-Oost,house
107.0,95.53,11.47,11.47,10.72,private_room,IJburg - Zeeburgereiland,house
166.0,179.14,-13.14,13.14,7.91,entire_home,Westerpark,apartment
274.0,279.23,-5.23,5.23,1.91,entire_home,Westerpark,apartment
309.0,481.11,-172.11,172.11,55.7,entire_home,De Pijp - Rivierenbuurt,apartment
177.0,188.16,-11.16,11.16,6.3,entire_home,Oud-Oost,apartment
85.0,122.53,-37.53,37.53,44.15,entire_home,Bos en Lommer,apartment
71.0,85.73,-14.73,14.73,20.74,private_room,IJburg - Zeeburgereiland,apartment
158.0,161.59,-3.59,3.59,2.27,entire_home,Oud-Oost,apartment
288.0,319.77,-31.77,31.77,11.03,entire_home,Westerpark,apartment
144.0,187.72,-43.72,43.72,30.36,entire_home,Westerpark,apartment
390.0,210.04,179.96,179.96,46.14,entire_home,Centrum-Oost,house
100.0,119.07,-19.07,19.07,19.07,private_room,Oostelijk Havengebied - Indische Buurt,apartment
134.0,113.83,20.17,20.17,15.05,entire_home,Slotervaart,apartment
77.0,201.06,-124.06,124.06,161.12,entire_home,De Baarsjes - Oud-West,apartment
190.0,144.25,45.75,45.75,24.08,private_room,Centrum-West,apartment
184.0,180.61,3.39,3.39,1.84,entire_home,De Baarsjes - Oud-West,apartment
380.0,347.24,32.76,32.76,8.62,entire_home,De Baarsjes - Oud-West,house
332.0,222.58,109.42,109.42,32.96,entire_home,Centrum-West,other
156.0,152.05,3.95,3.95,2.53,private_room,Centrum-Oost,apartment
84.0,114.93,-30.93,30.93,36.83,private_room,Oud-Noord,unique
121.0,93.01,27.99,27.99,23.13,private_room,IJburg - Zeeburgereiland,apartment
70.0,71.22,-1.22,1.22,1.74,private_room,Noord-West,house
175.0,260.9,-85.9,85.9,49.08,entire_home,Zuid,apartment
323.0,337.77,-14.77,14.77,4.57,entire_home,Centrum-Oost,house
270.0,345.86,-75.86,75.86,28.1,entire_home,Centrum-West,apartment
261.0,231.43,29.57,29.57,11.33,entire_home,De Baarsjes - Oud-West,apartment
630.0,516.12,113.88,113.88,18.08,entire_home,Centrum-West,apartment
357.0,393.53,-36.53,36.53,10.23,entire_home,Osdorp,apartment
86.0,181.04,-95.04,95.04,110.51,private_room,Centrum-West,apartment
85.0,194.0,-109.0,109.0,128.24,private_room,Centrum-West,apartment
104.0,176.58,-72.58,72.58,69.79,entire_home,Oud-Noord,apartment
163.0,251.06,-88.06,88.06,54.02,entire_home,De Pijp - Rivierenbuurt,apartment
287.0,321.8,-34.8,34.8,12.13,entire_home,Centrum-West,apartment
434.0,466.68,-32.68,32.68,7.53,entire_home,Zuid,house
157.0,147.27,9.73,9.73,6.19,entire_home,Bijlmer-Centrum,apartment
173.0,147.69,25.31,25.31,14.63,private_room,De Pijp - Rivierenbuurt,hotel
248.0,285.34,-37.34,37.34,15.06,entire_home,De Baarsjes - Oud-West,apartment
206.0,208.34,-2.34,2.34,1.13,entire_home,Zuid,apartment
89.0,94.99,-5.99,5.99,6.74,private_room,Oud-Noord,house
210.0,168.33,41.67,41.67,19.84,private_room,Centrum-West,apartment
292.0,211.68,80.32,80.32,27.51,entire_home,Zuid,apartment
153.0,131.17,21.83,21.83,14.27,private_room,Zuid,apartment
284.0,271.42,12.58,12.58,4.43,entire_home,Bos en Lommer,apartment
300.0,318.22,-18.22,18.22,6.07,entire_home,Centrum-West,apartment
295.0,183.97,111.03,111.03,37.64,entire_home,Oostelijk Havengebied - Indische Buurt,unique
85.0,93.21,-8.21,8.21,9.66,private_room,Geuzenveld - Slotermeer,house
122.0,104.19,17.81,17.81,14.59,private_room,De Pijp - Rivierenbuurt,apartment
350.0,230.01,119.99,119.99,34.28,entire_home,IJburg - Zeeburgereiland,apartment
108.0,125.82,-17.82,17.82,16.5,private_room,Westerpark,house
102.0,78.71,23.29,23.29,22.83,private_room,Bos en Lommer,apartment
247.0,806.46,-559.46,559.46,226.5,entire_home,IJburg - Zeeburgereiland,unique
199.0,198.98,0.02,0.02,0.01,entire_home,De Pijp - Rivierenbuurt,apartment
179.0,213.8,-34.8,34.8,19.44,private_room,Centrum-West,apartment
210.0,347.0,-137.0,137.0,65.24,entire_home,Westerpark,apartment
185.0,281.52,-96.52,96.52,52.18,entire_home,Centrum-West,other
1431.0,177.46,1253.54,1253.54,87.6,private_room,Centrum-West,other
124.0,250.3,-126.3,126.3,101.85,private_room,Centrum-West,apartment
250.0,209.84,40.16,40.16,16.07,entire_home,Osdorp,house
134.0,243.58,-109.58,109.58,81.77,entire_home,Centrum-West,other
197.0,285.86,-88.86,88.86,45.11,entire_home,De Pijp - Rivierenbuurt,apartment
287.0,278.25,8.75,8.75,3.05,entire_home,Westerpark,apartment
131.0,126.69,4.31,4.31,3.29,private_room,Oud-Noord,apartment
130.0,87.2,42.8,42.8,32.93,private_room,Zuid,apartment
116.0,241.85,-125.85,125.85,108.49,private_room,De Baarsjes - Oud-West,apartment
281.0,277.47,3.53,3.53,1.26,entire_home,De Pijp - Rivierenbuurt,apartment
122.0,107.14,14.86,14.86,12.18,private_room,De Baarsjes - Oud-West,other
600.0,241.81,358.19,358.19,59.7,entire_home,De Baarsjes - Oud-West,apartment
94.0,115.95,-21.95,21.95,23.35,private_room,De Baarsjes - Oud-West,apartment
156.0,194.81,-38.81,38.81,24.88,entire_home,Westerpark,unique
226.0,241.41,-15.41,15.41,6.82,entire_home,De Baarsjes - Oud-West,apartment
242.0,287.02,-45.02,45.02,18.6,entire_home,Oud-Oost,apartment
105.0,124.5,-19.5,19.5,18.57,private_room,Watergraafsmeer,apartment
802.0,265.13,536.87,536.87,66.94,private_room,Oud-Noord,hotel
113.0,145.1,-32.1,32.1,28.41,entire_home,Bijlmer-Centrum,apartment
192.0,298.48,-106.48,106.48,55.46,entire_home,De Baarsjes - Oud-West,apartment
450.0,404.78,45.22,45.22,10.05,entire_home,Centrum-Oost,apartment
271.0,305.39,-34.39,34.39,12.69,entire_home,Centrum-Oost,apartment
405.0,389.32,15.68,15.68,3.87,entire_home,Oud-Noord,unique
139.0,119.66,19.34,19.34,13.91,private_room,Oud-Oost,apartment
260.0,239.01,20.99,20.99,8.07,entire_home,Centrum-West,apartment
112.0,115.57,-3.57,3.57,3.18,private_room,Westerpark,apartment
155.0,172.44,-17.44,17.44,11.25,private_room,Oud-Noord,other
294.0,329.26,-35.26,35.26,11.99,entire_home,De Baarsjes - Oud-West,apartment
108.0,102.11,5.89,5.89,5.46,entire_home,Bijlmer-Centrum,house
285.0,252.09,32.91,32.91,11.55,entire_home,Zuid,apartment
186.0,225.19,-39.19,39.19,21.07,entire_home,De Baarsjes - Oud-West,apartment
489.0,576.78,-87.78,87.78,17.95,private_room,Centrum-West,other
189.0,229.01,-40.01,40.01,21.17,entire_home,Noord-Oost,house
86.0,88.22,-2.22,2.22,2.58,private_room,Oud-Oost,apartment
251.0,290.68,-39.68,39.68,15.81,entire_home,De Baarsjes - Oud-West,apartment
132.0,131.35,0.65,0.65,0.49,private_room,Oostelijk Havengebied - Indische Buurt,apartment
136.0,146.73,-10.73,10.73,7.89,private_room,Oud-Noord,hotel
100.0,115.73,-15.73,15.73,15.73,private_room,Zuid,unique
91.0,155.92,-64.92,64.92,71.34,private_room,Centrum-Oost,house
315.0,316.07,-1.07,1.07,0.34,entire_home,Zuid,apartment
349.0,300.06,48.94,48.94,14.02,entire_home,Oostelijk Havengebied - Indische Buurt,apartment
104.0,106.77,-2.77,2.77,2.66,private_room,IJburg - Zeeburgereiland,hotel
161.0,193.07,-32.07,32.07,19.92,private_room,Centrum-Oost,house
111.0,155.0,-44.0,44.0,39.64,private_room,Centrum-West,hotel
254.0,200.27,53.73,53.73,21.15,entire_home,De Pijp - Rivierenbuurt,house
352.0,281.81,70.19,70.19,19.94,entire_home,De Pijp - Rivierenbuurt,apartment
271.0,226.55,44.45,44.45,16.4,entire_home,Centrum-Oost,apartment
261.0,271.53,-10.53,10.53,4.04,entire_home,Zuid,apartment
63.0,72.63,-9.63,9.63,15.29,private_room,Bijlmer-Centrum,hotel
225.0,228.28,-3.28,3.28,1.46,private_room,Centrum-West,house
167.0,180.01,-13.01,13.01,7.79,entire_home,Noord-West,house
288.0,351.9,-63.9,63.9,22.19,private_room,Centrum-West,apartment
118.0,100.58,17.42,17.42,14.77,private_room,De Pijp - Rivierenbuurt,hotel
108.0,101.76,6.24,6.24,5.78,private_room,De Pijp - Rivierenbuurt,apartment
405.0,335.53,69.47,69.47,17.15,entire_home,Zuid,apartment
495.0,476.49,18.51,18.51,3.74,entire_home,Zuid,apartment
225.0,358.6,-133.6,133.6,59.38,entire_home,Oud-Oost,apartment
213.0,325.3,-112.3,112.3,52.72,entire_home,Zuid,apartment
128.0,183.15,-55.15,55.15,43.09,entire_home,Bos en Lommer,house
216.0,161.25,54.75,54.75,25.35,entire_home,Oostelijk Havengebied - Indische Buurt,apartment
150.0,165.7,-15.7,15.7,10.47,private_room,Oud-Noord,other
95.0,92.21,2.79,2.79,2.94,private_room,Noord-Oost,unique
57.0,75.49,-18.49,18.49,32.44,private_room,Bijlmer-Centrum,hotel
154.0,262.59,-108.59,108.59,70.51,entire_home,Buitenveldert - Zuidas,unique
181.0,199.84,-18.84,18.84,10.41,entire_home,Oud-Oost,apartment
316.0,295.54,20.46,20.46,6.47,entire_home,Watergraafsmeer,house
109.0,194.48,-85.48,85.48,78.42,private_room,Centrum-Oost,hotel
187.0,218.85,-31.85,31.85,17.03,entire_home,Oud-Oost,apartment
111.0,156.63,-45.63,45.63,41.1,private_room,Centrum-Oost,house
75.0,110.41,-35.41,35.41,47.21,private_room,Oud-Noord,house
215.0,305.6,-90.6,90.6,42.14,entire_home,De Baarsjes - Oud-West,apartment
225.0,250.26,-25.26,25.26,11.23,entire_home,Noord-West,house
387.0,471.2,-84.2,84.2,21.76,entire_home,Zuid,apartment
251.0,219.34,31.66,31.66,12.61,entire_home,Centrum-West,apartment
220.0,297.95,-77.95,77.95,35.43,private_room,Centrum-West,apartment
166.0,201.76,-35.76,35.76,21.54,entire_home,Centrum-Oost,apartment
480.0,364.04,115.96,115.96,24.16,entire_home,De Baarsjes - Oud-West,apartment
107.0,135.18,-28.18,28.18,26.33,private_room,Centrum-West,apartment
111.0,125.62,-14.62,14.62,13.17,private_room,Centrum-West,apartment
365.0,421.42,-56.42,56.42,15.46,entire_home,Centrum-Oost,unique
114.0,119.55,-5.55,5.55,4.86,private_room,Watergraafsmeer,other
300.0,294.45,5.55,5.55,1.85,entire_home,Buitenveldert - Zuidas,house
112.0,123.85,-11.85,11.85,10.58,private_room,De Baarsjes - Oud-West,apartment
175.0,184.82,-9.82,9.82,5.61,entire_home,De Baarsjes - Oud-West,apartment
172.0,181.28,-9.28,9.28,5.4,entire_home,Noord-Oost,house
653.0,191.91,461.09,461.09,70.61,private_room,De Baarsjes - Oud-West,hotel
475.0,287.73,187.27,187.27,39.43,entire_home,De Pijp - Rivierenbuurt,apartment
285.0,246.84,38.16,38.16,13.39,entire_home,Noord-Oost,house
318.0,270.47,47.53,47.53,14.95,entire_home,Westerpark,house
75.0,134.25,-59.25,59.25,79.0,private_room,De Pijp - Rivierenbuurt,apartment
165.0,157.6,7.4,7.4,4.49,private_room,Centrum-Oost,apartment
298.0,177.78,120.22,120.22,40.34,entire_home,De Baarsjes - Oud-West,apartment
147.0,151.95,-4.95,4.95,3.37,private_room,Zuid,house
113.0,191.57,-78.57,78.57,69.53,entire_home,Oud-Noord,house
90.0,149.32,-59.32,59.32,65.91,private_room,Centrum-West,house
165.0,233.69,-68.69,68.69,41.63,entire_home,Oud-Noord,house
351.0,288.64,62.36,62.36,17.77,entire_home,Centrum-Oost,apartment
542.0,409.63,132.37,132.37,24.42,entire_home,Centrum-Oost,apartment
153.0,163.6,-10.6,10.6,6.93,entire_home,Noord-West,house
129.0,116.85,12.15,12.15,9.42,entire_home,Bos en Lommer,house
240.0,160.57,79.43,79.43,33.1,private_room,Noord-West,house
270.0,309.01,-39.01,39.01,14.45,entire_home,De Baarsjes - Oud-West,apartment
230.0,224.43,5.57,5.57,2.42,hotel_room,Centrum-West,hotel
60.0,68.65,-8.65,8.65,14.42,shared_room,Centrum-West,hotel
102.0,97.3,4.7,4.7,4.61,entire_home,Bijlmer-Oost,house
170.0,196.83,-26.83,26.83,15.78,private_room,Centrum-West,apartment
274.0,121.98,152.02,152.02,55.48,private_room,De Aker - Nieuw Sloten,house
268.0,211.43,56.57,56.57,21.11,private_room,Centrum-Oost,hotel
550.0,367.69,182.31,182.31,33.15,entire_home,De Baarsjes - Oud-West,apartment
167.0,183.74,-16.74,16.74,10.02,entire_home,Slotervaart,apartment
258.0,247.79,10.21,10.21,3.96,entire_home,Centrum-West,apartment
200.0,267.79,-67.79,67.79,33.9,entire_home,Geuzenveld - Slotermeer,house
125.0,163.0,-38.0,38.0,30.4,private_room,Centrum-West,apartment
230.0,290.9,-60.9,60.9,26.48,entire_home,IJburg - Zeeburgereiland,house
188.0,174.53,13.47,13.47,7.17,private_room,Centrum-Oost,apartment
261.0,239.89,21.11,21.11,8.09,entire_home,Oostelijk Havengebied - Indische Buurt,apartment
107.0,122.27,-15.27,15.27,14.28,private_room,De Aker - Nieuw Sloten,house
182.0,184.9,-2.9,2.9,1.59,entire_home,Oostelijk Havengebied - Indische Buurt,apartment
100.0,142.13,-42.13,42.13,42.13,private_room,Oud-Noord,house
495.0,408.37,86.63,86.63,17.5,entire_home,Centrum-Oost,apartment
286.0,280.9,5.1,5.1,1.78,entire_home,Zuid,apartment
488.0,252.16,235.84,235.84,48.33,entire_home,Noord-Oost,house
275.0,311.85,-36.85,36.85,13.4,entire_home,De Pijp - Rivierenbuurt,apartment
105.0,154.33,-49.33,49.33,46.98,private_room,Geuzenveld - Slotermeer,house
74.0,93.56,-19.56,19.56,26.44,private_room,Gaasperdam - Driemond,apartment
400.0,287.43,112.57,112.57,28.14,entire_home,Westerpark,apartment
248.0,218.4,29.6,29.6,11.94,hotel_room,Centrum-West,hotel
318.0,296.97,21.03,21.03,6.61,entire_home,Westerpark,house
709.0,550.02,158.98,158.98,22.42,entire_home,De Pijp - Rivierenbuurt,house
350.0,365.57,-15.57,15.57,4.45,private_room,Centrum-West,apartment
149.0,199.07,-50.07,50.07,33.61,entire_home,Noord-West,house
214.0,151.78,62.22,62.22,29.07,entire_home,Noord-West,house
248.0,231.41,16.59,16.59,6.69,entire_home,Geuzenveld - Slotermeer,house
124.0,156.49,-32.49,32.49,26.2,entire_home,Bos en Lommer,apartment
164.0,134.25,29.75,29.75,18.14,private_room,Watergraafsmeer,hotel
184.0,282.15,-98.15,98.15,53.34,entire_home,Centrum-West,house
179.0,207.05,-28.05,28.05,15.67,entire_home,Oud-Oost,apartment
70.0,229.46,-159.46,159.46,227.8,entire_home,Centrum-Oost,apartment
285.0,252.46,32.54,32.54,11.42,entire_home,Oud-Noord,apartment
225.0,158.84,66.16,66.16,29.4,private_room,Westerpark,house
365.0,271.16,93.84,93.84,25.71,entire_home,Buitenveldert - Zuidas,house
191.0,308.9,-117.9,117.9,61.73,entire_home,Centrum-West,house
245.0,230.43,14.57,14.57,5.95,entire_home,Centrum-Oost,other
633.0,372.99,260.01,260.01,41.08,entire_home,Centrum-Oost,house
222.0,259.23,-37.23,37.23,16.77,private_room,Westerpark,apartment
484.0,452.74,31.26,31.26,6.46,entire_home,Westerpark,house
200.0,310.52,-110.52,110.52,55.26,entire_home,Centrum-West,apartment
420.0,253.87,166.13,166.13,39.56,entire_home,Noord-West,house
84.0,166.07,-82.07,82.07,97.7,private_room,Geuzenveld - Slotermeer,apartment
100.0,71.64,28.36,28.36,28.36,private_room,Buitenveldert - Zuidas,apartment
118.0,109.53,8.47,8.47,7.18,private_room,Westerpark,apartment
250.0,146.15,103.85,103.85,41.54,entire_home,Oostelijk Havengebied - Indische Buurt,apartment
325.0,258.53,66.47,66.47,20.45,entire_home,Centrum-West,apartment
161.0,228.19,-67.19,67.19,41.74,entire_home,Noord-Oost,house
182.0,183.4,-1.4,1.4,0.77,private_room,Centrum-Oost,apartment
104.0,168.83,-64.83,64.83,62.34,private_room,Centrum-West,house
352.0,494.6,-142.6,142.6,40.51,entire_home,Centrum-Oost,apartment
161.0,169.54,-8.54,8.54,5.31,entire_home,Centrum-West,other
198.0,244.42,-46.42,46.42,23.45,entire_home,De Baarsjes - Oud-West,apartment
210.0,231.88,-21.88,21.88,10.42,entire_home,Oud-Oost,apartment
72.0,136.02,-64.02,64.02,88.91,entire_home,Westerpark,apartment
135.0,146.09,-11.09,11.09,8.22,private_room,Oud-Noord,apartment
618.0,621.4,-3.4,3.4,0.55,entire_home,IJburg - Zeeburgereiland,house
82.0,184.68,-102.68,102.68,125.22,entire_home,Buitenveldert - Zuidas,apartment
153.0,294.62,-141.62,141.62,92.56,private_room,Buitenveldert - Zuidas,unique
125.0,129.71,-4.71,4.71,3.77,private_room,Oud-Oost,house
403.0,288.34,114.66,114.66,28.45,entire_home,Centrum-Oost,apartment
623.0,428.05,194.95,194.95,31.29,entire_home,Centrum-Oost,apartment
781.0,671.81,109.19,109.19,13.98,entire_home,Centrum-Oost,apartment
155.0,194.92,-39.92,39.92,25.76,entire_home,Bos en Lommer,apartment
158.0,163.16,-5.16,5.16,3.26,private_room,Centrum-Oost,hotel
144.0,140.49,3.51,3.51,2.44,private_room,Centrum-Oost,hotel
125.0,150.3,-25.3,25.3,20.24,private_room,Westerpark,apartment
362.0,541.51,-179.51,179.51,49.59,entire_home,De Baarsjes - Oud-West,house
220.0,213.37,6.63,6.63,3.01,entire_home,Bijlmer-Centrum,house
153.0,355.27,-202.27,202.27,132.2,entire_home,Buitenveldert - Zuidas,unique
348.0,390.91,-42.91,42.91,12.33,entire_home,Centrum-West,house
154.0,193.24,-39.24,39.24,25.48,private_room,Centrum-West,apartment
245.0,122.52,122.48,122.48,49.99,private_room,De Pijp - Rivierenbuurt,unique
193.0,182.83,10.17,10.17,5.27,private_room,De Baarsjes - Oud-West,hotel
205.0,237.8,-32.8,32.8,16.0,private_room,De Baarsjes - Oud-West,hotel
250.0,209.52,40.48,40.48,16.19,private_room,Centrum-Oost,hotel
203.0,201.42,1.58,1.58,0.78,private_room,De Baarsjes - Oud-West,hotel
247.0,223.55,23.45,23.45,9.49,private_room,Zuid,hotel
341.0,267.45,73.55,73.55,21.57,private_room,Centrum-Oost,hotel
383.0,341.63,41.37,41.37,10.8,private_room,Centrum-Oost,hotel
104.0,74.05,29.95,29.95,28.8,private_room,De Baarsjes - Oud-West,hotel
101.0,81.67,19.33,19.33,19.14,private_room,De Baarsjes - Oud-West,hotel
104.0,108.79,-4.79,4.79,4.6,private_room,De Baarsjes - Oud-West,hotel
147.0,98.15,48.85,48.85,33.23,private_room,De Baarsjes - Oud-West,hotel
189.0,155.65,33.35,33.35,17.65,entire_home,Oud-Oost,apartment
137.0,138.04,-1.04,1.04,0.76,private_room,De Pijp - Rivierenbuurt,apartment
147.0,158.42,-11.42,11.42,7.77,private_room,De Pijp - Rivierenbuurt,apartment
192.0,188.48,3.52,3.52,1.83,private_room,Centrum-West,hotel
322.0,309.05,12.95,12.95,4.02,entire_home,Centrum-West,apartment
147.0,115.41,31.59,31.59,21.49,private_room,De Baarsjes - Oud-West,hotel
199.0,203.94,-4.94,4.94,2.48,private_room,De Baarsjes - Oud-West,hotel
104.0,109.8,-5.8,5.8,5.58,private_room,De Baarsjes - Oud-West,hotel
104.0,105.15,-1.15,1.15,1.11,private_room,De Baarsjes - Oud-West,hotel
94.0,87.56,6.44,6.44,6.85,private_room,Slotervaart,hotel
393.0,319.32,73.68,73.68,18.75,entire_home,Noord-Oost,house
215.0,216.71,-1.71,1.71,0.79,entire_home,Centrum-West,apartment
247.0,252.95,-5.95,5.95,2.41,private_room,Watergraafsmeer,hotel
237.0,247.67,-10.67,10.67,4.5,private_room,Watergraafsmeer,hotel
253.0,229.58,23.42,23.42,9.26,private_room,Watergraafsmeer,hotel
204.0,492.45,-288.45,288.45,141.4,entire_home,Zuid,apartment
213.0,310.71,-97.71,97.71,45.87,entire_home,De Baarsjes - Oud-West,apartment
1000.0,309.36,690.64,690.64,69.06,entire_home,De Pijp - Rivierenbuurt,apartment
266.0,184.87,81.13,81.13,30.5,entire_home,De Baarsjes - Oud-West,apartment
275.0,391.84,-116.84,116.84,42.49,entire_home,De Baarsjes - Oud-West,apartment
89.0,83.07,5.93,5.93,6.67,private_room,IJburg - Zeeburgereiland,hotel
99.0,93.35,5.65,5.65,5.71,private_room,Noord-West,house
79.0,59.69,19.31,19.31,24.44,private_room,Buitenveldert - Zuidas,apartment
227.0,253.41,-26.41,26.41,11.64,private_room,Centrum-Oost,house
380.0,391.16,-11.16,11.16,2.94,entire_home,De Pijp - Rivierenbuurt,house
223.0,260.38,-37.38,37.38,16.76,entire_home,Centrum-West,apartment
89.0,85.2,3.8,3.8,4.27,private_room,Geuzenveld - Slotermeer,hotel
442.0,422.71,19.29,19.29,4.37,entire_home,De Baarsjes - Oud-West,apartment
88.0,88.5,-0.5,0.5,0.56,private_room,Geuzenveld - Slotermeer,hotel
282.0,152.41,129.59,129.59,45.95,private_room,Geuzenveld - Slotermeer,hotel
170.0,119.74,50.26,50.26,29.56,private_room,Geuzenveld - Slotermeer,hotel
420.0,445.53,-25.53,25.53,6.08,entire_home,Zuid,apartment
300.0,248.98,51.02,51.02,17.01,entire_home,Centrum-West,apartment
222.0,155.07,66.93,66.93,30.15,private_room,Geuzenveld - Slotermeer,hotel
148.0,114.55,33.45,33.45,22.6,private_room,Geuzenveld - Slotermeer,hotel
600.0,248.73,351.27,351.27,58.55,entire_home,Centrum-West,apartment
207.0,288.14,-81.14,81.14,39.2,entire_home,Westerpark,apartment
149.0,165.81,-16.81,16.81,11.28,entire_home,Westerpark,apartment
95.0,134.47,-39.47,39.47,41.54,private_room,Centrum-West,house
196.0,162.85,33.15,33.15,16.91,entire_home,Geuzenveld - Slotermeer,apartment
315.0,255.75,59.25,59.25,18.81,entire_home,De Baarsjes - Oud-West,apartment
204.0,233.68,-29.68,29.68,14.55,private_room,Zuid,apartment
263.0,337.15,-74.15,74.15,28.19,entire_home,De Baarsjes - Oud-West,apartment
630.0,454.14,175.86,175.86,27.91,entire_home,Centrum-Oost,apartment
257.0,264.45,-7.45,7.45,2.9,entire_home,Oud-Noord,house
194.0,174.84,19.16,19.16,9.87,private_room,Centrum-Oost,hotel
158.0,154.12,3.88,3.88,2.45,private_room,Centrum-Oost,hotel
269.0,172.2,96.8,96.8,35.99,entire_home,Oostelijk Havengebied - Indische Buurt,apartment
365.0,349.56,15.44,15.44,4.23,private_room,Centrum-Oost,unique
273.0,166.43,106.57,106.57,39.04,entire_home,Geuzenveld - Slotermeer,house
310.0,262.3,47.7,47.7,15.39,entire_home,De Baarsjes - Oud-West,apartment
428.0,351.23,76.77,76.77,17.94,entire_home,Oud-Noord,house
270.0,254.95,15.05,15.05,5.57,entire_home,Oud-Oost,apartment
179.0,167.87,11.13,11.13,6.22,private_room,Centrum-West,unique
202.0,151.46,50.54,50.54,25.02,private_room,Centrum-West,hotel
234.0,286.5,-52.5,52.5,22.44,entire_home,Oud-Oost,apartment
181.0,211.94,-30.94,30.94,17.09,entire_home,Bos en Lommer,house
294.0,297.72,-3.72,3.72,1.27,entire_home,Centrum-West,apartment
333.0,245.6,87.4,87.4,26.25,entire_home,Centrum-West,apartment
201.0,205.81,-4.81,4.81,2.39,private_room,Zuid,hotel
267.0,240.44,26.56,26.56,9.95,entire_home,Westerpark,apartment
336.0,252.61,83.39,83.39,24.82,entire_home,De Baarsjes - Oud-West,apartment
277.0,227.86,49.14,49.14,17.74,entire_home,Noord-West,other
322.0,317.12,4.88,4.88,1.51,entire_home,De Pijp - Rivierenbuurt,apartment
500.0,246.25,253.75,253.75,50.75,private_room,Zuid,hotel
162.0,241.57,-79.57,79.57,49.12,entire_home,De Pijp - Rivierenbuurt,apartment
204.0,211.95,-7.95,7.95,3.9,entire_home,De Baarsjes - Oud-West,apartment
284.0,422.16,-138.16,138.16,48.65,entire_home,De Pijp - Rivierenbuurt,apartment
265.0,287.86,-22.86,22.86,8.63,entire_home,Centrum-West,house
157.0,240.28,-83.28,83.28,53.05,private_room,Westerpark,other
522.0,371.55,150.45,150.45,28.82,entire_home,De Baarsjes - Oud-West,house
300.0,256.6,43.4,43.4,14.47,entire_home,De Baarsjes - Oud-West,apartment
310.0,263.56,46.44,46.44,14.98,entire_home,Bos en Lommer,apartment
219.0,282.25,-63.25,63.25,28.88,entire_home,Oostelijk Havengebied - Indische Buurt,apartment
165.0,147.09,17.91,17.91,10.85,private_room,Centrum-Oost,hotel
232.0,302.77,-70.77,70.77,30.5,entire_home,De Baarsjes - Oud-West,apartment
216.0,262.92,-46.92,46.92,21.72,entire_home,Centrum-West,apartment
325.0,189.43,135.57,135.57,41.71,private_room,Centrum-West,hotel
360.0,389.77,-29.77,29.77,8.27,entire_home,De Baarsjes - Oud-West,apartment
174.0,152.66,21.34,21.34,12.26,private_room,Centrum-West,apartment
423.0,403.04,19.96,19.96,4.72,entire_home,Centrum-West,apartment
161.0,129.68,31.32,31.32,19.45,private_room,Noord-West,hotel
110.0,167.48,-57.48,57.48,52.25,entire_home,De Baarsjes - Oud-West,house
290.0,253.62,36.38,36.38,12.54,entire_home,Oostelijk Havengebied - Indische Buurt,apartment
216.0,207.02,8.98,8.98,4.16,entire_home,Zuid,apartment
500.0,351.62,148.38,148.38,29.68,entire_home,De Pijp - Rivierenbuurt,apartment
225.0,226.46,-1.46,1.46,0.65,entire_home,De Pijp - Rivierenbuurt,apartment
600.0,652.01,-52.01,52.01,8.67,entire_home,De Pijp - Rivierenbuurt,house
240.0,312.69,-72.69,72.69,30.29,entire_home,De Baarsjes - Oud-West,apartment
855.0,712.53,142.47,142.47,16.66,entire_home,De Baarsjes - Oud-West,apartment
281.0,261.86,19.14,19.14,6.81,entire_home,De Baarsjes - Oud-West,apartment
400.0,516.04,-116.04,116.04,29.01,entire_home,Westerpark,apartment
132.0,166.4,-34.4,34.4,26.06,entire_home,Slotervaart,apartment
255.0,267.07,-12.07,12.07,4.73,entire_home,Noord-West,house
486.0,318.09,167.91,167.91,34.55,entire_home,Centrum-West,apartment
326.0,344.6,-18.6,18.6,5.71,entire_home,De Pijp - Rivierenbuurt,apartment
361.0,340.51,20.49,20.49,5.68,entire_home,Centrum-Oost,apartment
520.0,435.84,84.16,84.16,16.19,entire_home,Centrum-West,apartment
170.0,142.54,27.46,27.46,16.15,entire_home,Noord-Oost,apartment
255.0,245.6,9.4,9.4,3.69,entire_home,Noord-West,house
196.0,220.87,-24.87,24.87,12.69,entire_home,Zuid,apartment
124.0,187.13,-63.13,63.13,50.91,entire_home,Oud-Noord,apartment
130.0,128.31,1.69,1.69,1.3,entire_home,Noord-West,apartment
470.0,249.08,220.92,220.92,47.0,entire_home,De Pijp - Rivierenbuurt,apartment
187.0,169.23,17.77,17.77,9.5,entire_home,De Baarsjes - Oud-West,apartment
386.0,622.33,-236.33,236.33,61.23,private_room,Centrum-West,apartment
336.0,246.47,89.53,89.53,26.65,entire_home,Noord-West,house
206.0,161.15,44.85,44.85,21.77,entire_home,De Baarsjes - Oud-West,apartment
81.0,66.57,14.43,14.43,17.82,private_room,Gaasperdam - Driemond,apartment
400.0,287.02,112.98,112.98,28.24,entire_home,Oud-Oost,apartment
122.0,144.01,-22.01,22.01,18.04,entire_home,IJburg - Zeeburgereiland,apartment
200.0,209.58,-9.58,9.58,4.79,entire_home,De Baarsjes - Oud-West,apartment
146.0,139.59,6.41,6.41,4.39,private_room,De Baarsjes - Oud-West,hotel
258.0,311.88,-53.88,53.88,20.88,entire_home,De Baarsjes - Oud-West,apartment
223.0,186.56,36.44,36.44,16.34,entire_home,Bos en Lommer,apartment
195.0,166.45,28.55,28.55,14.64,entire_home,Oud-Noord,house
193.0,282.45,-89.45,89.45,46.35,entire_home,Westerpark,apartment
226.0,212.4,13.6,13.6,6.02,entire_home,Noord-West,apartment
442.0,354.19,87.81,87.81,19.87,entire_home,Centrum-West,apartment
262.0,278.23,-16.23,16.23,6.2,entire_home,De Pijp - Rivierenbuurt,apartment
233.0,249.7,-16.7,16.7,7.17,entire_home,De Baarsjes - Oud-West,apartment
190.0,209.78,-19.78,19.78,10.41,entire_home,De Pijp - Rivierenbuurt,apartment
270.0,215.7,54.3,54.3,20.11,entire_home,De Baarsjes - Oud-West,apartment
364.0,432.78,-68.78,68.78,18.9,entire_home,Zuid,apartment
202.0,234.72,-32.72,32.72,16.2,entire_home,De Pijp - Rivierenbuurt,apartment
289.0,430.14,-141.14,141.14,48.84,entire_home,De Baarsjes - Oud-West,apartment
184.0,203.91,-19.91,19.91,10.82,entire_home,Oud-Oost,apartment
617.0,288.84,328.16,328.16,53.19,entire_home,De Pijp - Rivierenbuurt,apartment
200.0,305.7,-105.7,105.7,52.85,entire_home,Oud-Oost,apartment
550.0,300.53,249.47,249.47,45.36,entire_home,Bos en Lommer,apartment
180.0,235.82,-55.82,55.82,31.01,entire_home,De Baarsjes - Oud-West,apartment
225.0,252.51,-27.51,27.51,12.23,entire_home,Oud-Noord,house
100.0,128.86,-28.86,28.86,28.86,entire_home,Osdorp,other
432.0,496.4,-64.4,64.4,14.91,entire_home,Centrum-West,apartment
248.0,318.07,-70.07,70.07,28.25,entire_home,De Baarsjes - Oud-West,apartment
140.0,182.34,-42.34,42.34,30.24,entire_home,Bijlmer-Centrum,apartment
258.0,228.75,29.25,29.25,11.34,entire_home,Zuid,apartment
270.0,285.53,-15.53,15.53,5.75,entire_home,Oud-Oost,apartment
400.0,342.63,57.37,57.37,14.34,entire_home,Centrum-West,apartment
800.0,1109.29,-309.29,309.29,38.66,entire_home,De Baarsjes - Oud-West,apartment
179.0,107.84,71.16,71.16,39.76,private_room,Bos en Lommer,apartment
202.0,236.71,-34.71,34.71,17.18,entire_home,De Baarsjes - Oud-West,apartment
996.0,659.9,336.1,336.1,33.74,entire_home,Centrum-Oost,apartment
243.0,330.76,-87.76,87.76,36.12,entire_home,Zuid,apartment
272.0,297.82,-25.82,25.82,9.49,entire_home,De Baarsjes - Oud-West,apartment
219.0,274.41,-55.41,55.41,25.3,entire_home,De Pijp - Rivierenbuurt,apartment
495.0,403.96,91.04,91.04,18.39,entire_home,De Baarsjes - Oud-West,apartment
201.0,166.28,34.72,34.72,17.28,entire_home,Bos en Lommer,apartment
389.0,423.71,-34.71,34.71,8.92,entire_home,Zuid,apartment
161.0,274.43,-113.43,113.43,70.46,entire_home,Oud-Noord,apartment
500.0,572.38,-72.38,72.38,14.48,entire_home,De Pijp - Rivierenbuurt,apartment
198.0,174.63,23.37,23.37,11.81,entire_home,Oud-Oost,apartment
163.0,156.26,6.74,6.74,4.14,entire_home,Zuid,house
293.0,257.68,35.32,35.32,12.05,entire_home,Westerpark,apartment
230.0,204.64,25.36,25.36,11.03,entire_home,Oud-Noord,apartment
248.0,227.74,20.26,20.26,8.17,entire_home,Zuid,apartment
210.0,226.83,-16.83,16.83,8.02,entire_home,De Baarsjes - Oud-West,house
383.0,239.9,143.1,143.1,37.36,entire_home,Centrum-Oost,apartment
850.0,1029.0,-179.0,179.0,21.06,entire_home,Centrum-Oost,house
314.0,379.37,-65.37,65.37,20.82,entire_home,De Pijp - Rivierenbuurt,house
407.0,228.8,178.2,178.2,43.78,entire_home,Westerpark,apartment
180.0,414.27,-234.27,234.27,130.15,entire_home,Watergraafsmeer,house
470.0,329.24,140.76,140.76,29.95,entire_home,De Baarsjes - Oud-West,apartment
145.0,174.15,-29.15,29.15,20.1,entire_home,Oostelijk Havengebied - Indische Buurt,apartment
147.0,174.66,-27.66,27.66,18.82,entire_home,Bijlmer-Oost,house
288.0,338.14,-50.14,50.14,17.41,entire_home,Oostelijk Havengebied - Indische Buurt,apartment
232.0,300.46,-68.46,68.46,29.51,entire_home,Oud-Oost,apartment
300.0,232.75,67.25,67.25,22.42,entire_home,Centrum-West,apartment
161.0,209.25,-48.25,48.25,29.97,entire_home,De Baarsjes - Oud-West,apartment
470.0,313.94,156.06,156.06,33.21,entire_home,De Baarsjes - Oud-West,apartment
475.0,568.63,-93.63,93.63,19.71,entire_home,De Baarsjes - Oud-West,house
166.0,228.71,-62.71,62.71,37.77,entire_home,Westerpark,house
357.0,410.51,-53.51,53.51,14.99,entire_home,De Pijp - Rivierenbuurt,house
408.0,377.9,30.1,30.1,7.38,entire_home,De Pijp - Rivierenbuurt,apartment
533.0,324.71,208.29,208.29,39.08,entire_home,De Baarsjes - Oud-West,apartment
380.0,392.0,-12.0,12.0,3.16,entire_home,Oud-Oost,apartment
108.0,284.29,-176.29,176.29,163.23,private_room,Oud-Noord,hotel
212.0,199.5,12.5,12.5,5.9,entire_home,De Pijp - Rivierenbuurt,apartment
209.0,217.56,-8.56,8.56,4.1,private_room,Centrum-West,hotel
495.0,383.13,111.87,111.87,22.6,entire_home,Centrum-Oost,apartment
151.0,165.45,-14.45,14.45,9.57,entire_home,Bos en Lommer,apartment
300.0,282.9,17.1,17.1,5.7,entire_home,Oostelijk Havengebied - Indische Buurt,apartment
151.0,340.19,-189.19,189.19,125.29,entire_home,Buitenveldert - Zuidas,unique
315.0,335.24,-20.24,20.24,6.43,entire_home,Noord-West,house
595.0,485.17,109.83,109.83,18.46,entire_home,De Pijp - Rivierenbuurt,apartment
304.0,415.97,-111.97,111.97,36.83,entire_home,Centrum-Oost,house
178.0,239.22,-61.22,61.22,34.39,entire_home,Centrum-West,apartment
145.0,96.76,48.24,48.24,33.27,private_room,Noord-Oost,apartment
600.0,459.76,140.24,140.24,23.37,entire_home,Zuid,house
203.0,265.78,-62.78,62.78,30.92,entire_home,Westerpark,apartment
500.0,242.26,257.74,257.74,51.55,entire_home,Slotervaart,apartment
298.0,281.23,16.77,16.77,5.63,entire_home,De Baarsjes - Oud-West,apartment
200.0,192.32,7.68,7.68,3.84,entire_home,De Pijp - Rivierenbuurt,apartment
340.0,245.28,94.72,94.72,27.86,entire_home,Buitenveldert - Zuidas,apartment
176.0,190.12,-14.12,14.12,8.02,entire_home,Zuid,other
225.0,295.33,-70.33,70.33,31.26,entire_home,Oud-Oost,apartment
425.0,226.54,198.46,198.46,46.7,entire_home,Noord-West,house
218.0,428.69,-210.69,210.69,96.65,entire_home,De Pijp - Rivierenbuurt,apartment
508.0,346.9,161.1,161.1,31.71,entire_home,Centrum-Oost,apartment
382.0,405.24,-23.24,23.24,6.08,entire_home,Centrum-Oost,apartment
113.0,156.95,-43.95,43.95,38.9,entire_home,Bos en Lommer,apartment
189.0,128.27,60.73,60.73,32.13,private_room,De Pijp - Rivierenbuurt,apartment
290.0,374.16,-84.16,84.16,29.02,entire_home,Oostelijk Havengebied - Indische Buurt,apartment
216.0,218.01,-2.01,2.01,0.93,entire_home,De Pijp - Rivierenbuurt,apartment
220.0,206.62,13.38,13.38,6.08,entire_home,De Baarsjes - Oud-West,apartment
169.0,134.74,34.26,34.26,20.27,private_room,De Baarsjes - Oud-West,hotel
273.0,233.22,39.78,39.78,14.57,entire_home,Westerpark,apartment
371.0,331.79,39.21,39.21,10.57,entire_home,Zuid,house
160.0,168.59,-8.59,8.59,5.37,entire_home,Geuzenveld - Slotermeer,house
131.0,172.22,-41.22,41.22,31.46,private_room,De Baarsjes - Oud-West,apartment
1150.0,827.48,322.52,322.52,28.04,entire_home,Centrum-West,house
184.0,317.05,-133.05,133.05,72.31,entire_home,De Pijp - Rivierenbuurt,apartment
800.0,335.54,464.46,464.46,58.06,entire_home,De Baarsjes - Oud-West,apartment
400.0,209.85,190.15,190.15,47.54,entire_home,Oud-Oost,apartment
331.0,276.49,54.51,54.51,16.47,entire_home,Oostelijk Havengebied - Indische Buurt,house
250.0,233.23,16.77,16.77,6.71,entire_home,De Pijp - Rivierenbuurt,apartment
277.0,244.23,32.77,32.77,11.83,entire_home,Oud-Oost,apartment
353.0,377.28,-24.28,24.28,6.88,entire_home,Zuid,house
490.0,297.37,192.63,192.63,39.31,entire_home,Oud-Oost,house
214.0,186.13,27.87,27.87,13.02,entire_home,Centrum-West,house
250.0,274.16,-24.16,24.16,9.66,entire_home,Bos en Lommer,apartment
162.0,209.0,-47.0,47.0,29.01,entire_home,De Baarsjes - Oud-West,apartment
160.0,198.49,-38.49,38.49,24.06,private_room,Centrum-West,hotel
227.0,280.98,-53.98,53.98,23.78,entire_home,Watergraafsmeer,apartment
315.0,409.85,-94.85,94.85,30.11,entire_home,De Baarsjes - Oud-West,apartment
379.0,267.63,111.37,111.37,29.39,entire_home,Centrum-Oost,apartment
135.0,156.86,-21.86,21.86,16.19,entire_home,Bos en Lommer,apartment
190.0,161.81,28.19,28.19,14.84,entire_home,De Pijp - Rivierenbuurt,apartment
210.0,243.84,-33.84,33.84,16.12,entire_home,Centrum-Oost,apartment
238.0,189.32,48.68,48.68,20.45,private_room,Centrum-West,apartment
88.0,137.98,-49.98,49.98,56.79,private_room,Watergraafsmeer,hotel
455.0,406.58,48.42,48.42,10.64,entire_home,Oud-Oost,apartment
336.0,186.5,149.5,149.5,44.49,private_room,Zuid,hotel
325.0,243.49,81.51,81.51,25.08,entire_home,De Baarsjes - Oud-West,house
120.0,142.75,-22.75,22.75,18.96,entire_home,Noord-West,apartment
167.0,233.37,-66.37,66.37,39.74,entire_home,De Baarsjes - Oud-West,apartment
88.0,130.88,-42.88,42.88,48.73,private_room,Watergraafsmeer,hotel
88.0,106.01,-18.01,18.01,20.46,private_room,Watergraafsmeer,hotel
315.0,333.48,-18.48,18.48,5.87,entire_home,De Pijp - Rivierenbuurt,apartment
79.0,81.56,-2.56,2.56,3.23,private_room,Bijlmer-Centrum,apartment
300.0,206.69,93.31,93.31,31.1,entire_home,De Baarsjes - Oud-West,apartment
300.0,183.42,116.58,116.58,38.86,entire_home,Westerpark,apartment
271.0,283.41,-12.41,12.41,4.58,entire_home,De Pijp - Rivierenbuurt,apartment
198.0,165.11,32.89,32.89,16.61,entire_home,De Pijp - Rivierenbuurt,apartment
221.0,299.86,-78.86,78.86,35.69,entire_home,Centrum-Oost,apartment
332.0,258.02,73.98,73.98,22.28,entire_home,Oud-Oost,house
207.0,244.7,-37.7,37.7,18.21,entire_home,Oud-Oost,apartment
257.0,338.15,-81.15,81.15,31.58,entire_home,Oostelijk Havengebied - Indische Buurt,apartment
266.0,193.96,72.04,72.04,27.08,entire_home,De Baarsjes - Oud-West,apartment
89.0,73.31,15.69,15.69,17.62,private_room,Bijlmer-Centrum,apartment
315.0,371.31,-56.31,56.31,17.88,private_room,Centrum-West,other
652.0,456.69,195.31,195.31,29.96,entire_home,Centrum-West,apartment
215.0,238.47,-23.47,23.47,10.92,entire_home,Centrum-West,apartment
127.0,146.75,-19.75,19.75,15.55,entire_home,Zuid,apartment
495.0,418.24,76.76,76.76,15.51,entire_home,Centrum-West,apartment
675.0,504.91,170.09,170.09,25.2,entire_home,De Pijp - Rivierenbuurt,apartment
212.0,180.88,31.12,31.12,14.68,entire_home,Noord-West,house
394.0,284.26,109.74,109.74,27.85,entire_home,De Baarsjes - Oud-West,apartment
148.0,142.12,5.88,5.88,3.97,entire_home,Oud-Noord,house
420.0,508.69,-88.69,88.69,21.12,entire_home,Centrum-Oost,house
380.0,371.3,8.7,8.7,2.29,entire_home,Zuid,apartment
350.0,296.09,53.91,53.91,15.4,entire_home,Oud-Noord,apartment
278.0,242.61,35.39,35.39,12.73,entire_home,De Baarsjes - Oud-West,apartment
152.0,178.22,-26.22,26.22,17.25,entire_home,De Baarsjes - Oud-West,apartment
300.0,253.16,46.84,46.84,15.61,entire_home,Geuzenveld - Slotermeer,house
231.0,200.23,30.77,30.77,13.32,entire_home,Watergraafsmeer,apartment
234.0,233.04,0.96,0.96,0.41,entire_home,Oostelijk Havengebied - Indische Buurt,apartment
143.0,155.22,-12.22,12.22,8.55,private_room,Centrum-West,apartment
138.0,165.78,-27.78,27.78,20.13,private_room,Centrum-West,apartment
185.0,206.5,-21.5,21.5,11.62,entire_home,De Baarsjes - Oud-West,apartment
218.0,211.27,6.73,6.73,3.09,entire_home,Oostelijk Havengebied - Indische Buurt,apartment
93.0,87.5,5.5,5.5,5.91,private_room,Oostelijk Havengebied - Indische Buurt,apartment
376.0,312.06,63.94,63.94,17.0,entire_home,Centrum-West,apartment
350.0,363.32,-13.32,13.32,3.81,entire_home,Centrum-Oost,apartment
207.0,209.24,-2.24,2.24,1.08,entire_home,Oud-Oost,apartment
472.0,294.39,177.61,177.61,37.63,entire_home,Centrum-West,apartment
382.0,390.7,-8.7,8.7,2.28,entire_home,Centrum-West,apartment
135.0,147.46,-12.46,12.46,9.23,private_room,Centrum-West,apartment
311.0,299.38,11.62,11.62,3.74,entire_home,De Baarsjes - Oud-West,apartment
401.0,375.01,25.99,25.99,6.48,entire_home,De Baarsjes - Oud-West,apartment
245.0,238.02,6.98,6.98,2.85,entire_home,De Baarsjes - Oud-West,apartment
508.0,414.17,93.83,93.83,18.47,entire_home,Centrum-Oost,apartment
1020.0,774.06,245.94,245.94,24.11,entire_home,Zuid,apartment
295.0,306.86,-11.86,11.86,4.02,entire_home,De Baarsjes - Oud-West,apartment
203.0,218.3,-15.3,15.3,7.54,entire_home,Westerpark,apartment
433.0,426.17,6.83,6.83,1.58,entire_home,Oud-Oost,house
243.0,316.8,-73.8,73.8,30.37,entire_home,Centrum-Oost,apartment
320.0,375.58,-55.58,55.58,17.37,entire_home,Centrum-West,house
171.0,209.42,-38.42,38.42,22.47,entire_home,Zuid,apartment
225.0,290.43,-65.43,65.43,29.08,entire_home,Bos en Lommer,house
270.0,244.59,25.41,25.41,9.41,entire_home,Zuid,apartment
468.0,560.67,-92.67,92.67,19.8,entire_home,Zuid,apartment
450.0,581.83,-131.83,131.83,29.3,entire_home,Centrum-West,apartment
372.0,267.15,104.85,104.85,28.19,entire_home,Westerpark,apartment
452.0,617.1,-165.1,165.1,36.53,entire_home,Zuid,apartment
232.0,385.26,-153.26,153.26,66.06,entire_home,De Pijp - Rivierenbuurt,house
517.0,441.15,75.85,75.85,14.67,entire_home,De Pijp - Rivierenbuurt,apartment
220.0,228.51,-8.51,8.51,3.87,entire_home,De Baarsjes - Oud-West,apartment
250.0,267.43,-17.43,17.43,6.97,entire_home,De Baarsjes - Oud-West,apartment
160.0,193.74,-33.74,33.74,21.08,entire_home,De Pijp - Rivierenbuurt,apartment
207.0,181.09,25.91,25.91,12.52,entire_home,Zuid,apartment
208.0,194.78,13.22,13.22,6.35,entire_home,Westerpark,apartment
190.0,175.99,14.01,14.01,7.38,entire_home,Westerpark,apartment
222.0,194.07,27.93,27.93,12.58,entire_home,Oud-Oost,apartment
270.0,302.9,-32.9,32.9,12.19,entire_home,Centrum-West,apartment
172.0,153.06,18.94,18.94,11.01,entire_home,Oostelijk Havengebied - Indische Buurt,apartment
250.0,224.7,25.3,25.3,10.12,entire_home,De Baarsjes - Oud-West,apartment
252.0,251.48,0.52,0.52,0.21,entire_home,Zuid,apartment
429.0,306.52,122.48,122.48,28.55,entire_home,Watergraafsmeer,house
159.0,193.5,-34.5,34.5,21.7,entire_home,De Aker - Nieuw Sloten,house
309.0,323.36,-14.36,14.36,4.65,entire_home,Centrum-West,apartment
253.0,238.15,14.85,14.85,5.87,entire_home,De Pijp - Rivierenbuurt,apartment
193.0,214.59,-21.59,21.59,11.19,entire_home,De Pijp - Rivierenbuurt,house
329.0,196.98,132.02,132.02,40.13,entire_home,Geuzenveld - Slotermeer,other
300.0,335.09,-35.09,35.09,11.7,entire_home,Buitenveldert - Zuidas,apartment
225.0,188.62,36.38,36.38,16.17,entire_home,Geuzenveld - Slotermeer,apartment
270.0,238.41,31.59,31.59,11.7,entire_home,Oud-Noord,house
320.0,284.55,35.45,35.45,11.08,entire_home,Slotervaart,house
190.0,193.54,-3.54,3.54,1.86,entire_home,Noord-Oost,apartment
225.0,193.05,31.95,31.95,14.2,entire_home,Oostelijk Havengebied - Indische Buurt,apartment
217.0,175.6,41.4,41.4,19.08,entire_home,De Baarsjes - Oud-West,apartment
400.0,502.73,-102.73,102.73,25.68,entire_home,Zuid,apartment
201.0,285.81,-84.81,84.81,42.2,entire_home,Centrum-Oost,apartment
270.0,244.96,25.04,25.04,9.27,entire_home,De Baarsjes - Oud-West,apartment
110.0,112.85,-2.85,2.85,2.59,private_room,Watergraafsmeer,apartment
110.0,209.41,-99.41,99.41,90.37,entire_home,Watergraafsmeer,apartment
736.0,524.7,211.3,211.3,28.71,entire_home,Centrum-West,unique
180.0,350.16,-170.16,170.16,94.53,entire_home,Oud-Noord,house
320.0,404.67,-84.67,84.67,26.46,entire_home,Zuid,house
232.0,250.58,-18.58,18.58,8.01,entire_home,Centrum-West,apartment
217.0,278.23,-61.23,61.23,28.22,entire_home,Centrum-West,apartment
270.0,192.98,77.02,77.02,28.53,entire_home,Zuid,apartment
202.0,218.0,-16.0,16.0,7.92,entire_home,Westerpark,apartment
234.0,205.62,28.38,28.38,12.13,entire_home,De Pijp - Rivierenbuurt,apartment
240.0,119.5,120.5,120.5,50.21,private_room,De Aker - Nieuw Sloten,hotel
198.0,209.19,-11.19,11.19,5.65,entire_home,Centrum-Oost,apartment
218.0,172.34,45.66,45.66,20.95,entire_home,Slotervaart,house
133.0,169.99,-36.99,36.99,27.81,entire_home,Bos en Lommer,apartment
171.0,185.99,-14.99,14.99,8.77,entire_home,Oostelijk Havengebied - Indische Buurt,apartment
437.0,328.53,108.47,108.47,24.82,entire_home,Zuid,apartment
200.0,218.93,-18.93,18.93,9.47,entire_home,Bos en Lommer,apartment
342.0,500.97,-158.97,158.97,46.48,entire_home,Centrum-Oost,house
150.0,195.13,-45.13,45.13,30.09,entire_home,Westerpark,apartment
258.0,276.6,-18.6,18.6,7.21,entire_home,Oud-Oost,apartment
174.0,187.0,-13.0,13.0,7.47,entire_home,De Baarsjes - Oud-West,apartment
255.0,210.03,44.97,44.97,17.64,entire_home,Westerpark,apartment
180.0,254.27,-74.27,74.27,41.26,entire_home,Westerpark,apartment
171.0,193.5,-22.5,22.5,13.16,entire_home,Oud-Oost,apartment
750.0,524.19,225.81,225.81,30.11,entire_home,Centrum-West,house
250.0,179.93,70.07,70.07,28.03,entire_home,De Baarsjes - Oud-West,apartment
315.0,366.15,-51.15,51.15,16.24,entire_home,De Baarsjes - Oud-West,house
156.0,286.8,-130.8,130.8,83.85,entire_home,Zuid,apartment
133.0,141.11,-8.11,8.11,6.1,entire_home,Bos en Lommer,apartment
238.0,251.64,-13.64,13.64,5.73,entire_home,De Baarsjes - Oud-West,apartment
180.0,185.37,-5.37,5.37,2.98,entire_home,Watergraafsmeer,apartment
199.0,181.71,17.29,17.29,8.69,entire_home,Westerpark,house
187.0,353.26,-166.26,166.26,88.91,entire_home,Centrum-West,apartment
228.0,205.46,22.54,22.54,9.88,entire_home,Zuid,apartment
239.0,259.45,-20.45,20.45,8.56,entire_home,De Pijp - Rivierenbuurt,apartment
81.0,130.41,-49.41,49.41,60.99,private_room,Westerpark,apartment
210.0,210.2,-0.2,0.2,0.1,entire_home,Westerpark,apartment
911.0,497.64,413.36,413.36,45.37,entire_home,Centrum-Oost,apartment
150.0,170.8,-20.8,20.8,13.87,entire_home,Bos en Lommer,apartment
294.0,280.49,13.51,13.51,4.59,entire_home,Westerpark,apartment
196.0,190.0,6.0,6.0,3.06,entire_home,Oud-Noord,house
253.0,220.17,32.83,32.83,12.97,entire_home,De Aker - Nieuw Sloten,apartment
394.0,306.49,87.51,87.51,22.21,entire_home,De Pijp - Rivierenbuurt,apartment
241.0,244.43,-3.43,3.43,1.42,entire_home,Zuid,apartment
140.0,229.9,-89.9,89.9,64.22,entire_home,De Pijp - Rivierenbuurt,apartment
337.0,226.77,110.23,110.23,32.71,entire_home,Oostelijk Havengebied - Indische Buurt,apartment
309.0,248.04,60.96,60.96,19.73,entire_home,Centrum-West,apartment
388.0,314.21,73.79,73.79,19.02,entire_home,Centrum-Oost,apartment
338.0,405.16,-67.16,67.16,19.87,entire_home,De Baarsjes - Oud-West,apartment
125.0,134.39,-9.39,9.39,7.51,entire_home,Noord-West,apartment
175.0,180.57,-5.57,5.57,3.18,entire_home,De Baarsjes - Oud-West,apartment
225.0,208.58,16.42,16.42,7.3,entire_home,Zuid,house
281.0,244.28,36.72,36.72,13.07,entire_home,Centrum-Oost,apartment
237.0,279.09,-42.09,42.09,17.76,entire_home,Zuid,house
270.0,320.33,-50.33,50.33,18.64,entire_home,De Pijp - Rivierenbuurt,apartment
180.0,205.06,-25.06,25.06,13.92,entire_home,Noord-West,house
307.0,289.8,17.2,17.2,5.6,private_room,Oud-Noord,hotel
200.0,205.29,-5.29,5.29,2.65,entire_home,De Baarsjes - Oud-West,house
299.0,210.99,88.01,88.01,29.44,entire_home,Oud-Oost,apartment
152.0,202.69,-50.69,50.69,33.35,entire_home,De Pijp - Rivierenbuurt,apartment
550.0,225.16,324.84,324.84,59.06,entire_home,De Baarsjes - Oud-West,apartment
152.0,200.35,-48.35,48.35,31.81,entire_home,De Pijp - Rivierenbuurt,apartment
172.0,196.33,-24.33,24.33,14.15,entire_home,Westerpark,apartment
385.0,322.65,62.35,62.35,16.19,entire_home,Centrum-West,apartment
208.0,262.55,-54.55,54.55,26.22,entire_home,De Baarsjes - Oud-West,apartment
248.0,205.21,42.79,42.79,17.25,entire_home,Noord-West,house
212.0,221.38,-9.38,9.38,4.42,entire_home,Oostelijk Havengebied - Indische Buurt,apartment
171.0,216.99,-45.99,45.99,26.89,entire_home,Westerpark,apartment
351.0,422.45,-71.45,71.45,20.36,entire_home,Noord-West,house
490.0,382.0,108.0,108.0,22.04,entire_home,De Baarsjes - Oud-West,apartment
193.0,195.57,-2.57,2.57,1.33,entire_home,Watergraafsmeer,apartment
639.0,699.62,-60.62,60.62,9.49,entire_home,Centrum-Oost,house
463.0,324.44,138.56,138.56,29.93,entire_home,Oud-Noord,house
205.0,179.1,25.9,25.9,12.63,entire_home,Westerpark,apartment
307.0,256.64,50.36,50.36,16.4,entire_home,De Pijp - Rivierenbuurt,apartment
79.0,65.11,13.89,13.89,17.58,private_room,Noord-Oost,apartment
395.0,200.28,194.72,194.72,49.3,entire_home,Westerpark,apartment
321.0,274.84,46.16,46.16,14.38,entire_home,De Baarsjes - Oud-West,apartment
119.0,597.6,-478.6,478.6,402.18,private_room,Oud-Noord,hotel
383.0,372.78,10.22,10.22,2.67,entire_home,Centrum-Oost,apartment
194.0,247.78,-53.78,53.78,27.72,entire_home,De Baarsjes - Oud-West,apartment
670.0,409.46,260.54,260.54,38.89,entire_home,Centrum-West,house
139.0,171.91,-32.91,32.91,23.68,entire_home,Oostelijk Havengebied - Indische Buurt,unique
351.0,336.41,14.59,14.59,4.16,entire_home,Centrum-West,house
13978.0,863.83,13114.17,13114.17,93.82,entire_home,Oud-Noord,apartment
266.0,283.82,-17.82,17.82,6.7,entire_home,De Pijp - Rivierenbuurt,apartment
585.0,650.95,-65.95,65.95,11.27,entire_home,De Baarsjes - Oud-West,apartment
351.0,630.33,-279.33,279.33,79.58,entire_home,Westerpark,apartment
356.0,138.18,217.82,217.82,61.18,private_room,Oostelijk Havengebied - Indische Buurt,hotel
274.0,243.69,30.31,30.31,11.06,entire_home,Oostelijk Havengebied - Indische Buurt,apartment
192.0,191.3,0.7,0.7,0.37,entire_home,De Baarsjes - Oud-West,apartment
197.0,181.31,15.69,15.69,7.96,entire_home,Oostelijk Havengebied - Indische Buurt,apartment
266.0,434.89,-168.89,168.89,63.49,entire_home,IJburg - Zeeburgereiland,apartment
260.0,295.5,-35.5,35.5,13.65,entire_home,De Baarsjes - Oud-West,apartment
83.0,149.76,-66.76,66.76,80.43,entire_home,Slotervaart,apartment
150.0,153.14,-3.14,3.14,2.09,entire_home,Bos en Lommer,apartment
300.0,374.86,-74.86,74.86,24.95,entire_home,Zuid,house
231.0,181.03,49.97,49.97,21.63,entire_home,Noord-West,house
290.0,247.06,42.94,42.94,14.81,entire_home,De Baarsjes - Oud-West,apartment
477.0,299.88,177.12,177.12,37.13,entire_home,Westerpark,apartment
450.0,372.24,77.76,77.76,17.28,entire_home,De Pijp - Rivierenbuurt,apartment
218.0,230.47,-12.47,12.47,5.72,private_room,Centrum-West,apartment
82.0,99.39,-17.39,17.39,21.2,private_room,Watergraafsmeer,other
301.0,258.18,42.82,42.82,14.23,entire_home,De Pijp - Rivierenbuurt,house
169.0,253.15,-84.15,84.15,49.79,entire_home,De Baarsjes - Oud-West,apartment
450.0,582.51,-132.51,132.51,29.45,entire_home,Westerpark,apartment
187.0,166.2,20.8,20.8,11.12,entire_home,Bos en Lommer,apartment
335.0,304.6,30.4,30.4,9.07,entire_home,Bos en Lommer,apartment
283.0,324.07,-41.07,41.07,14.51,entire_home,Centrum-Oost,unique
189.0,404.8,-215.8,215.8,114.18,entire_home,De Pijp - Rivierenbuurt,apartment
190.0,204.41,-14.41,14.41,7.58,entire_home,De Baarsjes - Oud-West,apartment
210.0,208.73,1.27,1.27,0.61,entire_home,Westerpark,apartment
204.0,160.54,43.46,43.46,21.3,entire_home,Oud-Oost,apartment
247.0,202.32,44.68,44.68,18.09,entire_home,Westerpark,apartment
450.0,425.35,24.65,24.65,5.48,entire_home,De Pijp - Rivierenbuurt,apartment
550.0,441.66,108.34,108.34,19.7,entire_home,Zuid,apartment
212.0,212.21,-0.21,0.21,0.1,entire_home,Centrum-Oost,apartment
365.0,365.12,-0.12,0.12,0.03,entire_home,De Pijp - Rivierenbuurt,apartment
288.0,245.83,42.17,42.17,14.64,entire_home,Oud-Noord,house
197.0,192.18,4.82,4.82,2.45,entire_home,Centrum-Oost,apartment
222.0,205.15,16.85,16.85,7.59,entire_home,Zuid,apartment
271.0,232.51,38.49,38.49,14.2,entire_home,De Pijp - Rivierenbuurt,apartment
134.0,203.27,-69.27,69.27,51.69,entire_home,De Baarsjes - Oud-West,apartment
189.0,170.39,18.61,18.61,9.85,entire_home,Oostelijk Havengebied - Indische Buurt,apartment
198.0,283.59,-85.59,85.59,43.23,entire_home,Centrum-Oost,apartment
270.0,176.18,93.82,93.82,34.75,entire_home,De Baarsjes - Oud-West,apartment
418.0,462.33,-44.33,44.33,10.61,entire_home,De Baarsjes - Oud-West,apartment
211.0,150.2,60.8,60.8,28.81,entire_home,Oud-Oost,apartment
211.0,201.65,9.35,9.35,4.43,entire_home,Zuid,apartment
190.0,249.88,-59.88,59.88,31.51,entire_home,De Baarsjes - Oud-West,apartment
540.0,286.93,253.07,253.07,46.87,entire_home,Zuid,apartment
269.0,239.48,29.52,29.52,10.97,entire_home,Zuid,apartment
171.0,225.87,-54.87,54.87,32.09,entire_home,Oud-Oost,house
800.0,514.16,285.84,285.84,35.73,entire_home,De Baarsjes - Oud-West,apartment
332.0,211.05,120.95,120.95,36.43,entire_home,Noord-Oost,house
200.0,318.76,-118.76,118.76,59.38,entire_home,Centrum-West,apartment
225.0,244.04,-19.04,19.04,8.46,entire_home,Oud-Noord,apartment
434.0,193.13,240.87,240.87,55.5,entire_home,Centrum-Oost,apartment
270.0,327.55,-57.55,57.55,21.31,entire_home,De Pijp - Rivierenbuurt,house
135.0,158.67,-23.67,23.67,17.53,entire_home,Slotervaart,apartment
212.0,302.3,-90.3,90.3,42.6,entire_home,De Baarsjes - Oud-West,apartment
159.0,192.69,-33.69,33.69,21.19,private_room,Centrum-West,other
315.0,120.78,194.22,194.22,61.66,entire_home,Buitenveldert - Zuidas,apartment
181.0,368.67,-187.67,187.67,103.68,entire_home,Buitenveldert - Zuidas,unique
405.0,338.66,66.34,66.34,16.38,entire_home,De Baarsjes - Oud-West,apartment
180.0,259.13,-79.13,79.13,43.96,entire_home,Noord-Oost,house
425.0,405.34,19.66,19.66,4.63,entire_home,Centrum-Oost,apartment
225.0,336.15,-111.15,111.15,49.4,entire_home,De Pijp - Rivierenbuurt,apartment
247.0,388.43,-141.43,141.43,57.26,entire_home,Centrum-West,apartment
212.0,170.75,41.25,41.25,19.46,entire_home,Watergraafsmeer,house
1544.0,294.77,1249.23,1249.23,80.91,entire_home,Centrum-Oost,apartment
150.0,176.81,-26.81,26.81,17.87,entire_home,Zuid,apartment
323.0,151.93,171.07,171.07,52.96,entire_home,Geuzenveld - Slotermeer,unique
180.0,199.88,-19.88,19.88,11.04,entire_home,De Baarsjes - Oud-West,house
250.0,213.67,36.33,36.33,14.53,entire_home,De Baarsjes - Oud-West,apartment
255.0,240.18,14.82,14.82,5.81,entire_home,Oostelijk Havengebied - Indische Buurt,apartment
352.0,371.61,-19.61,19.61,5.57,entire_home,De Pijp - Rivierenbuurt,unique
110.0,131.06,-21.06,21.06,19.14,private_room,Centrum-Oost,apartment
250.0,291.6,-41.6,41.6,16.64,entire_home,De Pijp - Rivierenbuurt,apartment
567.0,522.65,44.35,44.35,7.82,entire_home,De Baarsjes - Oud-West,apartment
140.0,192.55,-52.55,52.55,37.53,entire_home,Oud-Noord,house
308.0,233.44,74.56,74.56,24.21,entire_home,De Baarsjes - Oud-West,apartment
219.0,306.7,-87.7,87.7,40.05,entire_home,Noord-West,house
128.0,189.62,-61.62,61.62,48.14,entire_home,Oud-Noord,apartment
248.0,218.07,29.93,29.93,12.07,private_room,Centrum-West,house
211.0,183.44,27.56,27.56,13.06,private_room,Centrum-West,house
211.0,268.07,-57.07,57.07,27.05,entire_home,Westerpark,house
251.0,377.33,-126.33,126.33,50.33,entire_home,De Baarsjes - Oud-West,apartment
225.0,246.6,-21.6,21.6,9.6,entire_home,De Baarsjes - Oud-West,apartment
126.0,196.78,-70.78,70.78,56.18,entire_home,Oostelijk Havengebied - Indische Buurt,apartment
378.0,324.0,54.0,54.0,14.29,entire_home,De Baarsjes - Oud-West,apartment
141.0,172.25,-31.25,31.25,22.16,entire_home,Oud-Noord,house
500.0,311.08,188.92,188.92,37.78,entire_home,De Pijp - Rivierenbuurt,apartment
450.0,327.99,122.01,122.01,27.11,entire_home,De Baarsjes - Oud-West,apartment
190.0,262.97,-72.97,72.97,38.41,entire_home,Buitenveldert - Zuidas,apartment
125.0,78.65,46.35,46.35,37.08,private_room,Osdorp,house
649.0,422.76,226.24,226.24,34.86,entire_home,Centrum-Oost,apartment
159.0,241.8,-82.8,82.8,52.08,entire_home,Centrum-West,apartment
216.0,230.33,-14.33,14.33,6.63,entire_home,Centrum-West,apartment
190.0,221.98,-31.98,31.98,16.83,entire_home,De Pijp - Rivierenbuurt,apartment
220.0,238.33,-18.33,18.33,8.33,entire_home,Centrum-Oost,apartment
162.0,146.93,15.07,15.07,9.31,entire_home,De Baarsjes - Oud-West,apartment
175.0,197.5,-22.5,22.5,12.86,entire_home,De Baarsjes - Oud-West,apartment
192.0,182.97,9.03,9.03,4.71,entire_home,Geuzenveld - Slotermeer,house
257.0,278.92,-21.92,21.92,8.53,entire_home,Oud-Oost,apartment
315.0,211.17,103.83,103.83,32.96,entire_home,Bos en Lommer,apartment
443.0,347.27,95.73,95.73,21.61,entire_home,De Pijp - Rivierenbuurt,apartment
350.0,245.52,104.48,104.48,29.85,entire_home,De Pijp - Rivierenbuurt,apartment
430.0,275.7,154.3,154.3,35.88,entire_home,Oostelijk Havengebied - Indische Buurt,house
355.0,177.9,177.1,177.1,49.89,entire_home,Geuzenveld - Slotermeer,house
235.0,382.05,-147.05,147.05,62.57,entire_home,Westerpark,apartment
128.0,163.4,-35.4,35.4,27.66,entire_home,Oud-Oost,apartment
174.0,137.11,36.89,36.89,21.2,private_room,Centrum-West,house
144.0,221.42,-77.42,77.42,53.76,entire_home,Noord-West,house
299.0,341.58,-42.58,42.58,14.24,entire_home,De Baarsjes - Oud-West,apartment
421.0,444.66,-23.66,23.66,5.62,entire_home,Centrum-Oost,apartment
230.0,249.75,-19.75,19.75,8.59,entire_home,De Pijp - Rivierenbuurt,apartment
449.0,292.08,156.92,156.92,34.95,entire_home,De Pijp - Rivierenbuurt,apartment
319.0,205.28,113.72,113.72,35.65,entire_home,Westerpark,apartment
443.0,582.17,-139.17,139.17,31.42,entire_home,Centrum-West,house
180.0,146.5,33.5,33.5,18.61,entire_home,Osdorp,house
193.0,226.36,-33.36,33.36,17.29,entire_home,De Pijp - Rivierenbuurt,apartment
256.0,268.51,-12.51,12.51,4.89,entire_home,Centrum-West,apartment
110.0,406.54,-296.54,296.54,269.59,private_room,Oud-Noord,apartment
107.0,375.27,-268.27,268.27,250.72,private_room,Oud-Noord,apartment
413.0,304.11,108.89,108.89,26.37,entire_home,Watergraafsmeer,apartment
379.0,320.23,58.77,58.77,15.51,private_room,Oud-Oost,hotel
960.0,830.27,129.73,129.73,13.51,entire_home,De Pijp - Rivierenbuurt,apartment
222.0,283.98,-61.98,61.98,27.92,entire_home,Zuid,apartment
90.0,105.29,-15.29,15.29,16.99,private_room,Bos en Lommer,hotel
160.0,228.12,-68.12,68.12,42.58,entire_home,Centrum-West,apartment
171.0,146.52,24.48,24.48,14.32,entire_home,Geuzenveld - Slotermeer,apartment
247.0,304.83,-57.83,57.83,23.41,entire_home,De Baarsjes - Oud-West,apartment
485.0,615.1,-130.1,130.1,26.83,entire_home,De Pijp - Rivierenbuurt,house
316.0,248.86,67.14,67.14,21.25,entire_home,Centrum-West,apartment
300.0,203.78,96.22,96.22,32.07,entire_home,Noord-West,house
158.0,166.5,-8.5,8.5,5.38,entire_home,Westerpark,apartment
231.0,210.22,20.78,20.78,9.0,entire_home,Bos en Lommer,apartment
232.0,186.89,45.11,45.11,19.44,entire_home,Geuzenveld - Slotermeer,house
232.0,168.11,63.89,63.89,27.54,entire_home,Geuzenveld - Slotermeer,house
315.0,269.74,45.26,45.26,14.37,entire_home,Westerpark,apartment
365.0,298.05,66.95,66.95,18.34,entire_home,Centrum-Oost,apartment
180.0,177.31,2.69,2.69,1.49,entire_home,Westerpark,apartment
323.0,341.58,-18.58,18.58,5.75,entire_home,Centrum-Oost,unique
297.0,283.46,13.54,13.54,4.56,entire_home,De Baarsjes - Oud-West,apartment
250.0,230.26,19.74,19.74,7.9,entire_home,De Baarsjes - Oud-West,apartment
260.0,177.9,82.1,82.1,31.58,entire_home,De Baarsjes - Oud-West,apartment
450.0,408.12,41.88,41.88,9.31,entire_home,Buitenveldert - Zuidas,apartment
273.0,288.65,-15.65,15.65,5.73,entire_home,De Baarsjes - Oud-West,apartment
229.0,149.14,79.86,79.86,34.87,entire_home,Oud-Oost,apartment
325.0,342.79,-17.79,17.79,5.47,entire_home,Centrum-Oost,unique
162.0,237.7,-75.7,75.7,46.73,entire_home,Bos en Lommer,apartment
156.0,212.32,-56.32,56.32,36.1,entire_home,De Baarsjes - Oud-West,apartment
214.0,244.79,-30.79,30.79,14.39,entire_home,Oostelijk Havengebied - Indische Buurt,apartment
225.0,236.51,-11.51,11.51,5.12,entire_home,De Pijp - Rivierenbuurt,apartment
240.0,188.47,51.53,51.53,21.47,entire_home,De Baarsjes - Oud-West,apartment
190.0,201.61,-11.61,11.61,6.11,entire_home,De Pijp - Rivierenbuurt,apartment
122.0,137.8,-15.8,15.8,12.95,entire_home,Noord-Oost,unique
172.0,199.24,-27.24,27.24,15.84,entire_home,Watergraafsmeer,apartment
209.0,239.14,-30.14,30.14,14.42,entire_home,De Pijp - Rivierenbuurt,apartment
160.0,151.22,8.78,8.78,5.49,entire_home,Slotervaart,apartment
257.0,272.42,-15.42,15.42,6.0,entire_home,Centrum-West,apartment
262.0,292.52,-30.52,30.52,11.65,entire_home,Bos en Lommer,apartment
284.0,237.65,46.35,46.35,16.32,entire_home,Noord-West,house
225.0,304.01,-79.01,79.01,35.11,entire_home,Oostelijk Havengebied - Indische Buurt,unique
268.0,292.87,-24.87,24.87,9.28,entire_home,De Pijp - Rivierenbuurt,apartment
271.0,352.06,-81.06,81.06,29.91,entire_home,De Pijp - Rivierenbuurt,apartment
261.0,223.45,37.55,37.55,14.39,entire_home,Noord-West,house
482.0,438.79,43.21,43.21,8.96,entire_home,De Baarsjes - Oud-West,apartment
190.0,214.93,-24.93,24.93,13.12,entire_home,Centrum-West,apartment
180.0,167.68,12.32,12.32,6.85,entire_home,Oostelijk Havengebied - Indische Buurt,apartment
442.0,383.44,58.56,58.56,13.25,entire_home,De Baarsjes - Oud-West,apartment
156.0,174.53,-18.53,18.53,11.88,entire_home,De Pijp - Rivierenbuurt,apartment
97.0,92.5,4.5,4.5,4.64,private_room,Bijlmer-Centrum,apartment
136.0,178.47,-42.47,42.47,31.22,entire_home,Oostelijk Havengebied - Indische Buurt,house
215.0,227.93,-12.93,12.93,6.01,entire_home,Westerpark,apartment
500.0,363.89,136.11,136.11,27.22,entire_home,Centrum-Oost,apartment
140.0,218.12,-78.12,78.12,55.8,entire_home,De Baarsjes - Oud-West,apartment
272.0,171.53,100.47,100.47,36.94,entire_home,Oud-Oost,apartment
386.0,278.79,107.21,107.21,27.77,entire_home,Centrum-Oost,apartment
259.0,295.36,-36.36,36.36,14.04,entire_home,Centrum-Oost,apartment
343.0,374.13,-31.13,31.13,9.07,entire_home,Westerpark,house
335.0,260.93,74.07,74.07,22.11,entire_home,Centrum-West,apartment
583.0,713.58,-130.58,130.58,22.4,entire_home,De Baarsjes - Oud-West,apartment
170.0,255.35,-85.35,85.35,50.21,entire_home,Buitenveldert - Zuidas,apartment
219.0,213.93,5.07,5.07,2.31,entire_home,Oud-Oost,apartment
165.0,229.3,-64.3,64.3,38.97,entire_home,De Pijp - Rivierenbuurt,apartment
109.0,137.1,-28.1,28.1,25.78,entire_home,Bos en Lommer,apartment
183.0,165.33,17.67,17.67,9.66,entire_home,Zuid,apartment
162.0,273.96,-111.96,111.96,69.11,entire_home,Oud-Noord,house
166.0,152.03,13.97,13.97,8.42,entire_home,Noord-Oost,apartment
151.0,239.18,-88.18,88.18,58.39,entire_home,De Baarsjes - Oud-West,apartment
138.0,147.57,-9.57,9.57,6.94,private_room,De Baarsjes - Oud-West,apartment
184.0,177.98,6.02,6.02,3.27,entire_home,Bos en Lommer,apartment
220.0,157.25,62.75,62.75,28.52,private_room,Centrum-Oost,house
314.0,257.99,56.01,56.01,17.84,entire_home,De Pijp - Rivierenbuurt,apartment
375.0,210.9,164.1,164.1,43.76,entire_home,Zuid,apartment
270.0,199.28,70.72,70.72,26.19,entire_home,Noord-West,house
289.0,346.11,-57.11,57.11,19.76,entire_home,Watergraafsmeer,house
320.0,254.55,65.45,65.45,20.45,entire_home,Centrum-West,apartment
145.0,140.85,4.15,4.15,2.86,entire_home,Noord-Oost,apartment
144.0,199.05,-55.05,55.05,38.23,entire_home,Watergraafsmeer,apartment
202.0,634.37,-432.37,432.37,214.04,entire_home,Buitenveldert - Zuidas,apartment
104.0,151.23,-47.23,47.23,45.41,private_room,Oostelijk Havengebied - Indische Buurt,apartment
250.0,220.2,29.8,29.8,11.92,entire_home,Zuid,apartment
271.0,206.41,64.59,64.59,23.83,entire_home,De Baarsjes - Oud-West,apartment
225.0,168.15,56.85,56.85,25.27,entire_home,IJburg - Zeeburgereiland,apartment
162.0,181.01,-19.01,19.01,11.73,entire_home,Westerpark,house
65.0,71.99,-6.99,6.99,10.75,shared_room,Centrum-West,hotel
70.0,71.99,-1.99,1.99,2.84,shared_room,Centrum-West,hotel
69.0,76.84,-7.84,7.84,11.37,shared_room,Centrum-West,hotel
281.0,278.53,2.47,2.47,0.88,entire_home,Noord-West,house
301.0,217.64,83.36,83.36,27.69,entire_home,Oud-Oost,apartment
188.0,182.84,5.16,5.16,2.74,entire_home,Oostelijk Havengebied - Indische Buurt,apartment
218.0,253.4,-35.4,35.4,16.24,entire_home,Centrum-Oost,apartment
370.0,340.13,29.87,29.87,8.07,entire_home,Buitenveldert - Zuidas,apartment
177.0,130.93,46.07,46.07,26.03,entire_home,De Pijp - Rivierenbuurt,apartment
282.0,243.04,38.96,38.96,13.82,entire_home,Geuzenveld - Slotermeer,house
135.0,211.91,-76.91,76.91,56.97,entire_home,Zuid,house
180.0,198.62,-18.62,18.62,10.35,entire_home,Oud-Oost,apartment
227.0,266.45,-39.45,39.45,17.38,entire_home,Zuid,house
115.0,93.77,21.23,21.23,18.46,private_room,Noord-Oost,apartment
207.0,185.41,21.59,21.59,10.43,entire_home,Noord-Oost,apartment
252.0,206.42,45.58,45.58,18.09,entire_home,De Baarsjes - Oud-West,apartment
188.0,186.45,1.55,1.55,0.82,entire_home,De Baarsjes - Oud-West,apartment
207.0,248.7,-41.7,41.7,20.14,entire_home,Watergraafsmeer,apartment
216.0,254.06,-38.06,38.06,17.62,entire_home,Oostelijk Havengebied - Indische Buurt,apartment
168.0,254.23,-86.23,86.23,51.33,entire_home,Noord-West,house
216.0,227.43,-11.43,11.43,5.29,entire_home,Oud-Noord,apartment
280.0,194.24,85.76,85.76,30.63,entire_home,De Pijp - Rivierenbuurt,apartment
204.0,268.6,-64.6,64.6,31.67,entire_home,De Baarsjes - Oud-West,apartment
405.0,226.84,178.16,178.16,43.99,entire_home,Watergraafsmeer,apartment
225.0,226.38,-1.38,1.38,0.61,entire_home,Oud-Oost,apartment
1215.0,811.35,403.65,403.65,33.22,entire_home,Centrum-West,house
216.0,199.97,16.03,16.03,7.42,entire_home,De Baarsjes - Oud-West,apartment
363.0,217.98,145.02,145.02,39.95,entire_home,Centrum-Oost,apartment
740.0,630.96,109.04,109.04,14.73,entire_home,Buitenveldert - Zuidas,house
157.0,202.41,-45.41,45.41,28.92,entire_home,De Pijp - Rivierenbuurt,apartment
249.0,236.26,12.74,12.74,5.12,entire_home,Watergraafsmeer,apartment
148.0,179.81,-31.81,31.81,21.49,entire_home,Watergraafsmeer,house
232.0,219.47,12.53,12.53,5.4,entire_home,Zuid,apartment
298.0,332.61,-34.61,34.61,11.62,entire_home,De Pijp - Rivierenbuurt,house
99.0,107.86,-8.86,8.86,8.95,private_room,Noord-Oost,apartment
315.0,207.94,107.06,107.06,33.99,entire_home,Bos en Lommer,apartment
200.0,227.6,-27.6,27.6,13.8,private_room,Noord-Oost,apartment
167.0,171.86,-4.86,4.86,2.91,entire_home,Westerpark,house
361.0,460.24,-99.24,99.24,27.49,entire_home,Oud-Oost,house
241.0,262.84,-21.84,21.84,9.06,entire_home,Centrum-Oost,apartment
162.0,197.32,-35.32,35.32,21.81,entire_home,Westerpark,apartment
282.0,202.43,79.57,79.57,28.21,entire_home,Noord-West,house
272.0,363.82,-91.82,91.82,33.76,entire_home,De Baarsjes - Oud-West,apartment
540.0,338.3,201.7,201.7,37.35,entire_home,De Pijp - Rivierenbuurt,apartment
196.0,294.4,-98.4,98.4,50.2,entire_home,Watergraafsmeer,apartment
1435.0,625.36,809.64,809.64,56.42,entire_home,Oud-Oost,apartment
240.0,243.13,-3.13,3.13,1.3,entire_home,Centrum-Oost,apartment
161.0,174.58,-13.58,13.58,8.44,entire_home,Oud-Noord,apartment
134.0,190.23,-56.23,56.23,41.97,entire_home,Oud-Oost,apartment
163.0,203.68,-40.68,40.68,24.96,entire_home,De Baarsjes - Oud-West,apartment
425.0,431.65,-6.65,6.65,1.56,entire_home,Zuid,apartment
346.0,434.64,-88.64,88.64,25.62,entire_home,Centrum-West,other
265.0,213.03,51.97,51.97,19.61,entire_home,De Pijp - Rivierenbuurt,house
270.0,259.91,10.09,10.09,3.74,entire_home,Centrum-Oost,house
318.0,319.73,-1.73,1.73,0.54,entire_home,De Pijp - Rivierenbuurt,apartment
167.0,181.44,-14.44,14.44,8.65,entire_home,De Baarsjes - Oud-West,apartment
114.0,167.78,-53.78,53.78,47.18,entire_home,Bos en Lommer,apartment
311.0,275.32,35.68,35.68,11.47,entire_home,De Baarsjes - Oud-West,apartment
150.0,191.69,-41.69,41.69,27.79,entire_home,De Pijp - Rivierenbuurt,apartment
154.0,244.07,-90.07,90.07,58.49,entire_home,De Baarsjes - Oud-West,apartment
230.0,263.74,-33.74,33.74,14.67,entire_home,Slotervaart,apartment
175.0,210.5,-35.5,35.5,20.28,entire_home,IJburg - Zeeburgereiland,house
113.0,140.13,-27.13,27.13,24.01,entire_home,Watergraafsmeer,house
309.0,166.14,142.86,142.86,46.23,entire_home,Westerpark,apartment
248.0,193.22,54.78,54.78,22.09,entire_home,Centrum-West,apartment
105.0,149.28,-44.28,44.28,42.17,private_room,De Baarsjes - Oud-West,apartment
124.0,226.93,-102.93,102.93,83.01,private_room,Centrum-Oost,hotel
260.0,327.64,-67.64,67.64,26.01,entire_home,Noord-Oost,house
146.0,192.72,-46.72,46.72,32.0,entire_home,Oostelijk Havengebied - Indische Buurt,apartment
156.0,224.44,-68.44,68.44,43.87,private_room,Centrum-Oost,hotel
121.0,169.85,-48.85,48.85,40.37,entire_home,Oostelijk Havengebied - Indische Buurt,apartment
309.0,401.65,-92.65,92.65,29.98,entire_home,Centrum-West,apartment
200.0,277.22,-77.22,77.22,38.61,entire_home,Zuid,apartment
309.0,686.66,-377.66,377.66,122.22,entire_home,Centrum-Oost,house
187.0,175.05,11.95,11.95,6.39,entire_home,De Baarsjes - Oud-West,apartment
186.0,205.64,-19.64,19.64,10.56,entire_home,Bijlmer-Oost,house
154.0,91.41,62.59,62.59,40.64,private_room,De Aker - Nieuw Sloten,apartment
149.0,216.41,-67.41,67.41,45.24,entire_home,Bos en Lommer,apartment
206.0,196.78,9.22,9.22,4.47,entire_home,Westerpark,apartment
340.0,334.94,5.06,5.06,1.49,entire_home,Oud-Oost,apartment
370.0,247.81,122.19,122.19,33.02,entire_home,Oud-Oost,house
405.0,345.24,59.76,59.76,14.76,entire_home,De Baarsjes - Oud-West,apartment
415.0,242.87,172.13,172.13,41.48,entire_home,De Baarsjes - Oud-West,house
212.0,262.88,-50.88,50.88,24.0,entire_home,Centrum-West,apartment
253.0,302.75,-49.75,49.75,19.66,entire_home,De Pijp - Rivierenbuurt,apartment
500.0,388.67,111.33,111.33,22.27,entire_home,Centrum-Oost,house
179.0,161.87,17.13,17.13,9.57,entire_home,Buitenveldert - Zuidas,apartment
385.0,343.51,41.49,41.49,10.78,entire_home,Zuid,apartment
357.0,245.09,111.91,111.91,31.35,entire_home,Zuid,apartment
849.0,246.15,602.85,602.85,71.01,private_room,Oud-Noord,hotel
427.0,425.93,1.07,1.07,0.25,entire_home,Centrum-Oost,apartment
171.0,351.75,-180.75,180.75,105.7,entire_home,De Baarsjes - Oud-West,apartment
190.0,235.07,-45.07,45.07,23.72,entire_home,Geuzenveld - Slotermeer,house
200.0,230.67,-30.67,30.67,15.34,entire_home,Noord-Oost,house
561.0,378.12,182.88,182.88,32.6,entire_home,Centrum-Oost,house
4500.0,467.79,4032.21,4032.21,89.6,entire_home,Zuid,apartment
395.0,555.38,-160.38,160.38,40.6,entire_home,De Baarsjes - Oud-West,apartment
135.0,130.04,4.96,4.96,3.68,private_room,De Baarsjes - Oud-West,apartment
